{
  "patterns": ["\\bfftw\\b", "\\bfftw3\\b", "\\blibfftw3\\b"],
  "dependencies": [
    {
      "packages": ["libfftw3-dev"],
      "constraints": [
        {
          "os": "linux",
          "distribution": "ubuntu"
        },
        {
          "os": "linux",
          "distribution": "debian"
        }
      ]
    },
    {
      "packages": ["fftw-devel"],
      "constraints": [
        {
          "os": "linux",
          "distribution": "centos"
        },
        {
          "os": "linux",
          "distribution": "rockylinux"
        },
        {
          "os": "linux",
          "distribution": "redhat"
        },
        {
          "os": "linux",
          "distribution": "fedora"
        }
      ]
    },
    {
      "packages": ["fftw3-devel"],
      "constraints": [
        {
          "os": "linux",
          "distribution": "opensuse"
        },
        {
          "os": "linux",
          "distribution": "sle"
        }
      ]
    },
    {
      "packages": [
        "mingw-w64-x86_64-fftw",
        "mingw-w64-i686-fftw"
      ],
      "constraints": [
        {
          "os": "windows"
        }
      ]
    }
  ]
}
