{
  "patterns": ["\\bicu4c\\b"],
  "dependencies": [
    {
      "packages": ["libicu-dev"],
      "constraints": [
        {
          "os": "linux",
          "distribution": "ubuntu"
        },
        {
          "os": "linux",
          "distribution": "debian"
        }
      ]
    },
    {
      "packages": ["libicu-devel"],
      "constraints": [
        {
          "os": "linux",
          "distribution": "centos"
        },
        {
          "os": "linux",
          "distribution": "rockylinux"
        },
        {
          "os": "linux",
          "distribution": "redhat"
        },
        {
          "os": "linux",
          "distribution": "fedora"
        }
      ]
    },
    {
      "packages": ["libicu"],
      "constraints": [
        {
          "os": "linux",
          "distribution": "redhat",
          "versions": ["6"]
        }
      ]
    },
    {
      "packages": ["libicu-devel"],
      "constraints": [
        {
          "os": "linux",
          "distribution": "opensuse",
          "versions": ["42.3", "15.0", "15.2"]
        },
        {
          "os": "linux",
          "distribution": "sle",
          "versions": ["12.3", "15.0", "15.2"]
        }
      ]
    },
    {
      "packages": ["icu.691-devel"],
      "constraints": [
        {
          "os": "linux",
          "distribution": "opensuse",
          "versions": ["15.3", "15.4"]
        },
        {
          "os": "linux",
          "distribution": "sle",
          "versions": ["15.3", "15.4"]
        }
      ]
    },
    {
      "packages": [
        "mingw-w64-x86_64-icu",
        "mingw-w64-i686-icu"
      ],
      "constraints": [
        {
          "os": "windows"
        }
      ]
    }
  ]
}
