{
  "patterns": ["\\bmysql.*server\\b"],
  "dependencies": [
    {
      "packages": ["mysql-server"],
      "constraints": [
        {
          "os": "linux",
          "distribution": "ubuntu"
        }
      ]
    },
    {
      "packages": ["mariadb-server"],
      "constraints": [
        {
          "os": "linux",
          "distribution": "debian"
        }
      ]
    },
    {
      "packages": ["mysql"],
      "constraints": [
        {
          "os": "linux",
          "distribution": "centos",
          "versions": ["6"]
        },
        {
          "os": "linux",
          "distribution": "redhat",
          "versions": ["6"]
        }
      ]
    },
    {
      "packages": ["mariadb"],
      "constraints": [
        {
          "os": "linux",
          "distribution": "centos",
          "versions": ["7", "8"]
        },
        {
          "os": "linux",
          "distribution": "rockylinux"
        },
        {
          "os": "linux",
          "distribution": "redhat",
          "versions": ["7", "8", "9"]
        },
        {
          "os": "linux",
          "distribution": "fedora"
        }
      ]
    },
    {
      "packages": ["mariadb"],
      "constraints": [
        {
          "os": "linux",
          "distribution": "opensuse"
        },
        {
          "os": "linux",
          "distribution": "sle"
        }
      ]
    }
  ]
}
