{
  "patterns": ["\\bproj\\b", "\\bproj\\.4\\b"],
  "dependencies": [
    {
      "packages": ["libproj-dev"],
      "constraints": [
        {
          "os": "linux",
          "distribution": "ubuntu"
        },
        {
          "os": "linux",
          "distribution": "debian"
        }
      ]
    },
    {
      "packages": ["proj-devel", "proj-epsg"],
      "pre_install": [
        {
          "command": "yum install -y epel-release"
        }
      ],
      "constraints": [
        {
          "os": "linux",
          "distribution": "centos",
          "versions": ["6", "7"]
        }
      ]
    },
    {
      "packages": ["proj-devel"],
      "constraints": [
        {
          "os": "linux",
          "distribution": "fedora"
        }
      ]
    },
    {
      "packages": ["proj-devel"],
      "pre_install": [
        {
          "command": "dnf install -y epel-release"
        }
      ],
      "constraints": [
        {
          "os": "linux",
          "distribution": "centos",
          "versions": ["8"]
        },
        {
          "os": "linux",
          "distribution": "rockylinux"
        }
      ]
    },
    {
      "packages": ["proj-devel", "proj-epsg"],
      "pre_install": [
        {
          "command": "rpm -q epel-release || yum install -y https://dl.fedoraproject.org/pub/epel/epel-release-latest-6.noarch.rpm"
        }
      ],
      "constraints": [
        {
          "os": "linux",
          "distribution": "redhat",
          "versions": ["6"]
        }
      ]
    },
    {
      "packages": ["proj-devel", "proj-epsg"],
      "pre_install": [
        {
          "command": "rpm -q epel-release || yum install -y https://dl.fedoraproject.org/pub/epel/epel-release-latest-7.noarch.rpm"
        }
      ],
      "constraints": [
        {
          "os": "linux",
          "distribution": "redhat",
          "versions": ["7"]
        }
      ]
    },
    {
      "packages": ["proj-devel"],
      "pre_install": [
        {
          "command": "dnf install -y https://dl.fedoraproject.org/pub/epel/epel-release-latest-8.noarch.rpm"
        }
      ],
      "constraints": [
        {
          "os": "linux",
          "distribution": "redhat",
          "versions": ["8"]
        }
      ]
    },
    {
      "packages": ["proj-devel"],
      "pre_install": [
        { "command": "dnf install -y https://dl.fedoraproject.org/pub/epel/epel-release-latest-9.noarch.rpm" }
      ],
      "constraints": [
        {
          "os": "linux",
          "distribution": "redhat",
          "versions": ["9"]
        }
      ]
    },
    {
      "packages": ["libproj-devel", "proj"],
      "constraints": [
        {
          "os": "linux",
          "distribution": "opensuse",
          "versions": ["42.3", "15.0"]
        }
      ]
    },
    {
      "packages": ["proj-devel", "proj"],
      "constraints": [
        {
          "os": "linux",
          "distribution": "opensuse",
          "versions": ["15.2", "15.3", "15.4"]
        }
      ]
    },
    {
      "packages": ["libproj-devel", "proj"],
      "pre_install": [
        {
          "command": "zypper repos openSUSE_Backports_SLE-12 || zypper addrepo https://download.opensuse.org/repositories/openSUSE:/Backports:/SLE-12/standard/openSUSE:Backports:SLE-12.repo"
        },
        {
          "command": "zypper --gpg-auto-import-keys refresh"
        }
      ],
      "constraints": [
        {
          "os": "linux",
          "distribution": "sle",
          "versions": ["12.3"]
        }
      ]
    }
  ]
}
