{
  "patterns": ["\\bzeromq\\b"],
  "dependencies": [
    {
      "packages": ["libzmq3-dev"],
      "constraints": [
        {
          "os": "linux",
          "distribution": "ubuntu"
        },
        {
          "os": "linux",
          "distribution": "debian"
        }
      ]
    },
    {
      "packages": ["zeromq-devel"],
      "constraints": [
        {
          "os": "linux",
          "distribution": "fedora"
        }
      ]
    },
    {
      "packages": ["zeromq-devel"],
      "pre_install": [
        {
          "command": "yum install -y epel-release"
        }
      ],
      "constraints": [
        {
          "os": "linux",
          "distribution": "centos",
          "versions": ["6", "7"]
        }
      ]
    },
    {
      "packages": ["zeromq-devel"],
      "pre_install": [
        {
          "command": "dnf install -y epel-release"
        }
      ],
      "constraints": [
        {
          "os": "linux",
          "distribution": "centos",
          "versions": ["8"]
        }
      ]
    },
    {
      "packages": ["zeromq-devel"],
      "pre_install": [
        { "command": "dnf install -y epel-release" }
      ],
      "constraints": [
        {
          "os": "linux",
          "distribution": "rockylinux"
        }
      ]
    },
    {
      "packages": ["zeromq-devel"],
      "pre_install": [
        {
          "command": "rpm -q epel-release || yum install -y https://dl.fedoraproject.org/pub/epel/epel-release-latest-6.noarch.rpm"
        }
      ],
      "constraints": [
        {
          "os": "linux",
          "distribution": "redhat",
          "versions": ["6"]
        }
      ]
    },
    {
      "packages": ["zeromq-devel"],
      "pre_install": [
        {
          "command": "rpm -q epel-release || yum install -y https://dl.fedoraproject.org/pub/epel/epel-release-latest-7.noarch.rpm"
        }
      ],
      "constraints": [
        {
          "os": "linux",
          "distribution": "redhat",
          "versions": ["7"]
        }
      ]
    },
    {
      "packages": ["zeromq-devel"],
      "pre_install": [
        {
          "command": "dnf install -y https://dl.fedoraproject.org/pub/epel/epel-release-latest-8.noarch.rpm"
        }
      ],
      "constraints": [
        {
          "os": "linux",
          "distribution": "redhat",
          "versions": ["8"]
        }
      ]
    },
    {
      "packages": ["zeromq-devel"],
      "pre_install": [
        { "command": "dnf install -y https://dl.fedoraproject.org/pub/epel/epel-release-latest-9.noarch.rpm" }
      ],
      "constraints": [
        {
          "os": "linux",
          "distribution": "redhat",
          "versions": ["9"]
        }
      ]
    },
    {
      "packages": ["zeromq-devel"],
      "constraints": [
        {
          "os": "linux",
          "distribution": "opensuse"
        },
        {
          "os": "linux",
          "distribution": "sle"
        }
      ]
    }
  ]
}
