X,Y,id,name,area,nbikes,nempty
-0.109970527,51.52916347,1,River Street,Clerkenwell,4,14
-0.197574246,51.49960695,2,Phillimore Gardens,Kensington,2,34
-0.084605692,51.52128377,3,Christopher Street,Liverpool Street,0,32
-0.120973687,51.53005939,4,St. Chad's Street,King's Cross,4,19
-0.156876,51.49313,5,Sedding Street,Sloane Square,15,12
-0.144228881,51.51811784,6,Broadcasting House,Marylebone,0,18
-0.1680743,51.53430039,7,Charlbert Street,St. John's Wood,15,0
-0.170134484,51.52834133,8,Lodge Road,St. John's Wood,5,13
-0.096440751,51.5073853,9,New Globe Walk,Bankside,3,16
-0.092754157,51.50597426,10,Park Street,Bankside,1,17
-0.122502346,51.52395143,11,Brunswick Square,Bloomsbury,0,23
-0.130431727,51.52168078,12,Malet Street,Bloomsbury,0,47
-0.136039674,51.51991453,13,Scala Street,Fitzrovia,0,20
-0.123616824,51.52994371,14,Belgrove Street,King's Cross,12,5
-0.127854211,51.51772703,15,Great Russell Street,Bloomsbury,0,26
-0.125979294,51.52635795,16,Cartwright Gardens,Bloomsbury,8,13
-0.109006325,51.5216612,17,Hatton Wall,Holborn,4,22
-0.12221963,51.51477076,18,Drury Lane,Covent Garden,1,26
-0.131161087,51.52505093,19,Taviton Street,Bloomsbury,6,23
-0.135273468,51.52773634,20,Drummond Street,Euston,19,9
-0.13884627,51.53007835,21,Hampstead Road (Cartmel),Euston,8,8
-0.114079481,51.5222641,22,Northington Street,Holborn,2,16
-0.119123345,51.51943538,23,Red Lion Square,Holborn,2,14
-0.124678402,51.51908011,24,British Museum,Bloomsbury,0,35
-0.132250369,51.5288338,25,Doric Way,Somers Town,17,14
-0.11829517,51.52728093,26,Ampton Street,Clerkenwell,10,11
-0.107927706,51.51382102,27,Bouverie Street,Temple,0,33
-0.143613641,51.52351808,28,Bolsover Street,Fitzrovia,0,18
-0.193487,51.513735,29,Hereford Road,Bayswater,10,11
-0.093421615,51.52915444,30,Windsor Terrace,Hoxton,17,7
-0.083353323,51.52953709,31,Fanshaw Street,Hoxton,21,13
-0.084439283,51.52469624,32,Leonard Circus,Shoreditch,7,36
-0.129386874,51.5341235,34,Pancras Road,King's Cross,12,4
-0.184980612,51.50173726,36,De Vere Gardens,Kensington,4,24
-0.192369256,51.49159394,37,Penywern Road,Earl's Court,15,2
-0.197245586,51.4973875,38,Abingdon Villas,Kensington,4,13
-0.078130921,51.5263778,39,Shoreditch High Street,Shoreditch,23,17
-0.0755789,51.52127071,40,Commercial Street,Shoreditch,13,3
-0.083911168,51.52001715,41,Sun Street,Liverpool Street,0,24
-0.093903825,51.53099181,42,Wenlock Road,Hoxton,27,1
-0.157183945,51.52026,43,Crawford Street,Marylebone,17,1
-0.144165239,51.51073687,44,Bruton Street,Mayfair,0,21
-0.162298,51.522511,45,Boston Place,Marylebone,23,2
-0.06691,51.507131,46,Nesham Street,Wapping,15,0
-0.183846408,51.52334476,47,Warwick Avenue Station,Maida Vale,19,0
-0.099141408,51.51248445,48,Godliman Street,St. Paul's,0,25
-0.145904427,51.50706909,49,Curzon Street,Mayfair,0,16
-0.087459376,51.52867339,50,East Road,Hoxton,5,22
-0.104298194,51.52671796,51,Finsbury Library,Finsbury,8,21
-0.094934859,51.52295439,52,Roscoe Street,St. Luke's,1,17
-0.143495266,51.5099923,53,Grafton Street,Mayfair,0,18
-0.094475072,51.52174785,54,Golden Lane,Barbican,0,25
-0.086685542,51.51707521,55,Finsbury Circus,Liverpool Street,0,29
-0.154701411,51.52058381,56,Paddington Street,Marylebone,10,2
-0.120202614,51.52334672,57,Guilford Street,Bloomsbury,0,38
-0.079248081,51.52452699,58,New Inn Yard,Shoreditch,9,10
-0.114329032,51.53176825,59,Rodney Street,Angel,4,25
-0.172190727,51.52644828,60,Lisson Grove,St. John's Wood,8,10
-0.089446947,51.49738251,61,Great Dover Street,Borough,29,3
-0.106323685,51.4907579,62,Cotton Garden Estate,Kennington,14,10
-0.089782579,51.53089041,63,Murray Grove,Hoxton,17,10
-0.124749274,51.50946212,64,William IV Street,Strand,8,13
-0.13518856,51.52522753,65,Gower Place,Euston,0,17
-0.108657431,51.51795029,66,Holborn Circus,Holborn,0,37
-0.108028472,51.51882555,67,Hatton Garden,Holborn,1,27
-0.116688468,51.52059681,68,Theobalds Road,Holborn,0,24
-0.134407652,51.5262363,69,Euston Road,Euston,3,20
-0.117069978,51.53136059,70,Calshot Street,King's Cross,24,0
-0.098850915,51.5154186,71,Newgate Street,St. Paul's,4,28
-0.108340165,51.52352001,72,Farringdon Lane,Clerkenwell,8,8
-0.088486188,51.52572618,73,Old Street Station,St. Luke's,1,36
-0.124469948,51.48591714,74,Vauxhall Cross,Vauxhall,14,2
-0.105480698,51.53219984,75,Torrens Street,Angel,3,16
-0.144083893,51.52559505,76,Longford Street,Regent's Park,5,16
-0.124121774,51.52341837,77,Russell Square Station,Bloomsbury,14,10
-0.099489485,51.52486887,78,Sadlers Sports Centre,Finsbury,6,10
-0.102091246,51.50069361,80,Webber Street,Southwark,10,14
-0.141327271,51.52025302,81,Great Titchfield Street,Fitzrovia,0,19
-0.111257,51.514274,82,Chancery Lane,Holborn,0,15
-0.131510949,51.50963938,83,Panton Street,West End,0,19
-0.111778348,51.51593725,84,Breams Buildings,Holborn,0,25
-0.078600401,51.50064702,85,Tanner Street,Bermondsey,12,6
-0.115156562,51.48947903,86,Sancroft Street,Vauxhall,19,5
-0.079684557,51.51646835,87,Devonshire Square,Liverpool Street,0,16
-0.132053392,51.51858757,88,Bayley Street,Bloomsbury,0,25
-0.123509611,51.5262503,89,Tavistock Place,Bloomsbury,11,5
-0.139174593,51.53301907,90,Harrington Square,Camden Town,18,9
-0.111014912,51.49368637,91,Walnut Tree Walk,Vauxhall,18,1
-0.100440521,51.49889832,92,Borough Road,Elephant & Castle,26,15
-0.109025404,51.53440868,93,Cloudesley Road,Angel,19,18
-0.085814489,51.49506109,94,Bricklayers Arms,Borough,27,1
-0.097340162,51.5208417,95,Aldersgate Street,Barbican,0,14
-0.078505384,51.53095071,96,Falkirk Street,Hoxton,16,9
-0.183834706,51.49792478,97,Gloucester Road (North),Kensington,11,7
-0.138231303,51.52554222,98,Hampstead Road,Euston,20,34
-0.158264483,51.51457763,99,Old Quebec Street,Marylebone,0,16
-0.122806861,51.49043573,100,Albert Embankment,Vauxhall,16,8
-0.0929401,51.51155322,101,Queen Street,Bank,3,18
-0.076793375,51.51340693,102,Jewry Street,Aldgate,0,17
-0.192538767,51.50472376,103,Vicarage Gate,Kensington,9,9
-0.077121322,51.51159481,104,Crosswall,Tower,14,18
-0.190240716,51.51552971,105,Westbourne Grove,Bayswater,15,7
-0.147301667,51.51410514,106,Woodstock Street,Mayfair,0,21
-0.096317627,51.52600832,107,Finsbury Leisure Centre,St. Luke's,9,9
-0.132102166,51.49812559,108,Abbey Orchard Street,Westminster,1,27
-0.132328837,51.51563144,109,Soho Square,Soho,0,29
-0.172528678,51.53304322,110,Wellington Road,St. John's Wood,10,7
-0.157275636,51.5100172,111,Park Lane,Hyde Park,1,26
-0.105270275,51.51580998,112,Stonecutter Street,Holborn,2,43
-0.183289032,51.49646288,113,Gloucester Road (Central),South Kensington,13,3
-0.158963647,51.52451738,114,Park Road (Baker Street),Regent's Park,9,11
-0.073537654,51.51423368,115,Braham Street,Aldgate,1,31
-0.141423695,51.51449962,116,Little Argyll Street,West End,0,21
-0.114934001,51.49288067,117,Lollard Street,Vauxhall,20,5
-0.13547809,51.49582705,118,Rochester Row,Westminster,12,1
-0.090847761,51.52589324,119,Bath Street,St. Luke's,2,16
-0.093080779,51.51573534,120,The Guildhall,Guildhall,0,17
-0.156166631,51.51891348,121,Baker Street,Marylebone,0,20
-0.078869751,51.52111369,122,Norton Folgate,Liverpool Street,3,18
-0.104724625,51.52836014,123,St. John Street,Finsbury,5,13
-0.150905245,51.49654462,124,Eaton Square,Belgravia,5,14
-0.094524319,51.50069491,125,Borough High Street,The Borough,3,17
-0.096496865,51.51782144,126,Museum of London,Barbican,0,52
-0.09388536,51.51700801,127,Wood Street,Guildhall,0,16
-0.185296516,51.49536226,128,Emperor's Gate,South Kensington,21,1
-0.137043852,51.5118973,129,Golden Square,Soho,0,17
-0.075459482,51.50950627,130,Tower Gardens,Tower,9,14
-0.136792671,51.53300545,131,Eversholt Street,Camden Town,12,4
-0.074754872,51.52364804,132,Bethnal Green Road,Shoreditch,14,22
-0.191462381,51.50136494,133,Derry Street,Kensington,0,17
-0.06797,51.504904,134,Wapping High Street,Wapping,20,0
-0.104708922,51.52326004,135,Clerkenwell Green,Clerkenwell,2,19
-0.097441687,51.51196176,136,Queen Victoria Street,St. Paul's,0,32
-0.153319609,51.49087475,137,Bourne Street,Belgravia,8,8
-0.157436972,51.51227622,138,Green Street,Mayfair,0,19
-0.117974901,51.49488108,139,Lambeth Road,Vauxhall,6,12
-0.085634242,51.52096262,140,Finsbury Square,Moorgate,0,33
-0.147203711,51.51530805,141,Chapel Place,Marylebone,0,29
-0.198286569,51.49372451,142,West Cromwell Road,Earl's Court,19,4
-0.161203828,51.4968865,143,Pont Street,Knightsbridge,15,9
-0.111435796,51.48894022,144,Kennington Cross,Kennington,42,5
-0.202759212,51.50074359,145,Ilchester Place,Kensington,19,4
-0.129361842,51.48836528,146,Vauxhall Bridge,Pimlico,32,3
-0.11614642,51.51494305,147,Portugal Street,Holborn,4,11
-0.138364847,51.49211134,148,Tachbrook Street,Victoria,11,3
-0.110683213,51.48478899,149,Kennington Road Post Office,Oval,17,1
-0.168917077,51.49705603,150,Holy Trinity Brompton,Knightsbridge,1,27
-0.201554966,51.51213691,151,Chepstow Villas,Notting Hill,3,22
-0.101536865,51.49217002,152,Hampton Street,Walworth,16,5
-0.174292825,51.51183419,153,Bayswater Road,Hyde Park,21,5
-0.11282408,51.50379168,154,Waterloo Station 3,Waterloo,26,8
-0.191933711,51.49586666,155,Lexham Gardens,Kensington,12,4
-0.092921165,51.49443626,156,New Kent Road,Borough,30,2
-0.193068385,51.50039792,157,Wright's Lane,Kensington,10,26
-0.196170309,51.49085368,158,Trebovir Road,Earl's Court,7,11
-0.137841333,51.51461995,159,Great Marlborough Street,Soho,0,38
-0.131773845,51.50663341,160,Waterloo Place,St. James's,0,20
-0.141334487,51.49234577,161,Guildhouse Street,Victoria,4,12
-0.121328408,51.51760685,162,Southampton Place,Holborn,0,20
-0.167894973,51.4931848,163,Sloane Avenue,Knightsbridge,14,16
-0.183118788,51.515607,164,Cleveland Gardens,Bayswater,12,4
-0.183716959,51.517932,165,Orsett Terrace,Bayswater,2,13
-0.159237081,51.50185512,166,Seville Street,Knightsbridge,0,26
-0.147624377,51.49395092,167,Eccleston Place,Victoria,3,16
-0.195455928,51.50040123,168,Argyll Road,Kensington,3,14
-0.165164288,51.51474612,169,Porchester Place,Paddington,12,5
-0.108068155,51.52784273,170,Hardwick Street,Clerkenwell,8,22
-0.186753859,51.4916156,171,Collingham Gardens,Earl's Court,11,3
-0.173715911,51.49121192,172,Sumner Place,South Kensington,4,15
-0.113001,51.50486,173,Waterloo Road,South Bank,11,4
-0.115163,51.512529,174,Strand,Strand,12,22
-0.0811189,51.52174384,175,Appold Street,Liverpool Street,0,24
-0.188098863,51.51791921,176,Gloucester Terrace,Bayswater,23,0
-0.140947636,51.49616092,177,Ashley Place,Victoria,17,8
-0.141923621,51.48985626,178,Warwick Square,Pimlico,18,1
-0.153645496,51.5129118,180,North Audley Street,Mayfair,0,16
-0.152317537,51.49941247,181,Belgrave Square,Belgravia,2,19
-0.165842551,51.52202903,182,Bell Street,Marylebone,8,10
-0.14521173,51.52071513,184,Portland Place,Marylebone,1,33
-0.140741432,51.48805753,185,Alderney Street,Pimlico,14,0
-0.175810943,51.51733558,186,South Wharf Road,Paddington,11,5
-0.178433004,51.49247977,187,Queen's Gate (South),South Kensington,14,10
-0.164393768,51.5165179,188,Nutford Place,Marylebone,1,17
-0.109914711,51.53166681,189,Claremont Square,Angel,4,13
-0.132845681,51.48997562,190,Rampayne Street,Pimlico,17,4
-0.153520935,51.50311799,191,Hyde Park Corner,Hyde Park,0,23
-0.133201961,51.51251523,192,Wardour Street,Soho,0,15
-0.100186337,51.50581776,193,Bankside Mix,Bankside,17,43
-0.091773776,51.50462759,194,Hop Exchange,The Borough,22,32
-0.106237501,51.50724437,195,Milroy Walk,South Bank,8,21
-0.098497684,51.50368837,196,Union Street,The Borough,13,3
-0.111606696,51.50556905,197,Stamford Street,South Bank,11,15
-0.082989638,51.51048489,199,Great Tower Street,Monument,5,16
-0.066078037,51.51492456,200,LMU Commercial Road,Whitechapel,11,2
-0.161113413,51.5225965,201,Dorset Square,Marylebone,15,0
-0.06954201,51.51236389,202,Leman Street,Aldgate,6,30
-0.100791005,51.51821864,203,West Smithfield Rotunda,Farringdon,6,9
-0.112432615,51.52659961,204,Margery Street,Clerkenwell,8,10
-0.06275,51.518144,205,New Road  2,Whitechapel,13,5
-0.062697,51.518154,206,New Road 1,Whitechapel,16,1
-0.153194766,51.50135267,207,Grosvenor Crescent,Belgravia,1,17
-0.166304359,51.52505151,208,Mallory Street,Marylebone,8,12
-0.165101392,51.49358391,209,Denyer Street,Knightsbridge,22,8
-0.151926305,51.51681444,210,Hinde Street,Marylebone,0,21
-0.158105512,51.49464523,211,Cadogan Place,Knightsbridge,22,11
-0.199004026,51.50658458,212,Campden Hill Road,Notting Hill,9,8
-0.149569201,51.50274025,213,Wellington Arch,Hyde Park,16,19
-0.130504336,51.52683806,214,Endsleigh Gardens,Euston,21,11
-0.088285377,51.51906932,215,Moorfields,Moorgate,0,53
-0.181190899,51.49094565,216,Old Brompton Road,South Kensington,13,17
-0.082422399,51.51615461,217,Wormwood Street,Liverpool Street,1,14
-0.170194408,51.48971651,218,St. Luke's Church,Chelsea,12,8
-0.19039362,51.49016361,219,Bramham Gardens,Earl's Court,15,12
-0.166485083,51.49066456,220,Chelsea Green,Chelsea,17,9
-0.13045856,51.49481649,221,Horseferry Road,Westminster,12,3
-0.155349725,51.50275704,222,Knightsbridge,Hyde Park,0,43
-0.090220911,51.49148474,223,Rodney Road,Walworth,18,5
-0.188129731,51.51476963,224,Whiteley's,Bayswater,14,0
-0.196422,51.50935342,225,Notting Hill Gate Station,Notting Hill,5,25
-0.131961389,51.50844614,226,Charles II Street,West End,0,23
-0.115480888,51.52891573,227,Great Percy Street,Clerkenwell,17,2
-0.134621209,51.50742485,228,St. James's Square,St. James's,0,38
-0.123179697,51.50654321,229,Whitehall Place,Strand,17,7
-0.103137426,51.50669284,230,Poured Lines,Bankside,22,8
-0.17873226,51.49396755,231,Queen's Gate (Central),South Kensington,12,18
-0.112753217,51.51501025,232,Carey Street,Holborn,0,16
-0.130699733,51.50777049,233,Pall Mall East,West End,0,22
-0.106992706,51.53450449,234,Liverpool Road (N1 Centre),Angel,21,3
-0.110889274,51.49571828,235,Kennington Road,Vauxhall,35,1
-0.073438925,51.51838043,236,Fashion Street,Whitechapel,10,18
-0.067176443,51.5084448,237,Vaughan Way,Wapping,22,12
-0.175116099,51.5233534,238,Frampton Street,Paddington,27,5
-0.138019439,51.52443845,239,Warren Street Station,Euston,1,25
-0.10569204,51.50545935,240,Colombo Street,Southwark,9,5
-0.151359288,51.52200801,242,Beaumont Street,Marylebone,5,17
-0.139625122,51.49096258,243,Gloucester Street,Pimlico,17,6
-0.128585022,51.51611887,244,Earnshaw Street,Covent Garden,0,17
-0.142207481,51.4853572,245,Grosvenor Road,Pimlico,16,11
-0.099994052,51.52285301,246,Berry Street,Clerkenwell,1,38
-0.168314,51.530052,247,St. John's Wood Church,Regent's Park,26,21
-0.170279555,51.50645179,248,Triangle Car Park,Hyde Park,19,8
-0.096191134,51.49859784,249,Harper Road,Borough,28,14
-0.162727,51.489932,250,Royal Avenue 1,Chelsea,0,8
-0.079249,51.518908,251,Brushfield Street,Liverpool Street,0,32
-0.116542278,51.5046364,252,Jubilee Gardens,South Bank,26,3
-0.086379717,51.53404294,253,Shoreditch Park,Hoxton,30,0
-0.106408455,51.53051587,254,Chadwell Street,Angel,11,7
-0.179592915,51.52557531,255,Clifton Road,Maida Vale,21,0
-0.116764211,51.51362054,256,Houghton Street,Strand,0,15
-0.154907218,51.52248185,257,Westminster University,Marylebone,11,4
-0.178656971,51.50143293,258,Kensington Gore,Knightsbridge,8,15
-0.123247648,51.50494561,259,Embankment (Horse Guards),Westminster,0,29
-0.135580879,51.5136846,260,Broadwick Street,Soho,0,18
-0.191351186,51.5134891,261,Princes Square,Bayswater,16,0
-0.103132904,51.49874469,262,LSBU (Borough Road),Elephant & Castle,27,8
-0.080660083,51.51422502,263,St. Mary Axe,Aldgate,0,19
-0.109256828,51.52644342,264,Tysoe Street,Clerkenwell,2,16
-0.169249375,51.51595344,265,Southwick Street,Paddington,14,3
-0.180246101,51.50102668,266,Queen's Gate (North),Kensington,0,19
-0.132224622,51.49206037,267,Regency Street,Westminster,7,12
-0.144132875,51.49320445,268,Belgrave Road,Victoria,19,10
-0.089740764,51.50082346,269,Empire Square,The Borough,32,13
-0.122492418,51.4863434,270,Kennington Lane Rail Bridge,Vauxhall,21,10
-0.156285395,51.53583617,271,London Zoo,Regents Park,11,21
-0.110699309,51.50144456,272,Baylis Road,Waterloo,4,16
-0.114686385,51.50613324,273,Belvedere Road,South Bank,19,17
-0.20528437,51.49671237,274,Warwick Road,Olympia,18,18
-0.092176447,51.52004497,275,Barbican Centre,Barbican,0,19
-0.084985356,51.50930161,276,Lower Thames Street,Monument,0,23
-0.191496313,51.50315739,277,Kensington Church Street,Kensington,7,8
-0.07962099,51.5034938,278,Tooley Street,Bermondsey,4,12
-0.176645823,51.51862243,279,North Wharf Road,Paddington,5,20
-0.162418,51.490083,280,Royal Avenue 2,Chelsea,1,8
-0.127575233,51.49580589,281,Smith Square,Westminster,4,12
-0.059642081,51.51906446,282,Royal London Hospital,Whitechapel,39,2
-0.112031483,51.49914063,284,Lambeth North Station,Waterloo,11,9
-0.174653609,51.5272947,286,St. John's Wood Road,St. John's Wood,16,19
-0.128377673,51.52367314,287,Bedford Way,Bloomsbury,0,23
-0.147478734,51.49236962,288,Elizabeth Bridge,Victoria,18,16
-0.151296092,51.50923022,289,South Audley Street,Mayfair,0,15
-0.175488803,51.51678023,290,Winsland Street,Paddington,7,5
-0.138089062,51.48483991,291,Claverton Street,Pimlico,27,4
-0.165471605,51.49888404,292,Montpelier Street,Knightsbridge,0,15
-0.209494128,51.49815779,293,Kensington Olympia Station,Olympia,8,17
-0.135635511,51.488226,294,St. George's Square,Pimlico,14,1
-0.092762704,51.50029631,295,Swan Street,The Borough,21,6
-0.190603326,51.49363156,296,Knaresborough Place,Earl's Court,13,5
-0.106000855,51.49612799,297,Geraldine Street,Elephant & Castle,10,6
-0.074189225,51.50227992,298,Curlew Street,Shad Thames,16,4
-0.136928582,51.49398524,299,Vincent Square,Westminster,6,11
-0.172729559,51.50501351,300,Serpentine Car Park,Hyde Park,13,2
-0.148105415,51.51475963,301,Marylebone Lane,Marylebone,0,24
-0.216573,51.466907,302,Putney Pier,Wandsworth,18,10
-0.158456089,51.50295379,303,Albert Gate,Hyde Park,0,26
-0.16209757,51.51211869,304,Cumberland Gate,Hyde Park,7,11
-0.115853961,51.48677988,305,Kennington Lane Tesco,Vauxhall,10,5
-0.135025698,51.51816295,306,Rathbone Street,Fitzrovia,1,15
-0.187842717,51.50990837,307,Black Lion Gate,Kensington Gardens,20,1
-0.085666316,51.49907558,308,Long Lane,Bermondsey,20,0
-0.119047563,51.50963123,309,Embankment (Savoy),Strand,1,40
-0.116911864,51.4908679,310,Black Prince Road,Vauxhall,9,8
-0.140485596,51.51918144,311,Foley Street,Fitzrovia,1,23
-0.176770502,51.53088935,312,Grove End Road,St. John's Wood,17,2
-0.138072691,51.51734403,313,Wells Street,Fitzrovia,1,37
-0.083159352,51.50088934,314,Tyers Gate,Bermondsey,25,11
-0.153463612,51.52536703,315,The Tennis Courts,Regent's Park,5,11
-0.141943703,51.49768448,316,Cardinal Place,Victoria,22,1
-0.093913472,51.49679128,317,Dickens Square,Borough,24,6
-0.138846453,51.51004801,318,Sackville Street,Mayfair,0,17
-0.088542771,51.52702563,319,Baldwin Street,St. Luke's,2,19
-0.139956043,51.49357351,320,Queen Mother Sports Centre,Victoria,21,5
-0.081608045,51.49785559,321,Bermondsey Street,Bermondsey,22,1
-0.073955,51.526293,322,Palissy Street,Shoreditch,11,12
-0.083067,51.523196,323,Clifton Street,Shoreditch,0,23
-0.101384068,51.49652013,324,Ontario Street,Elephant & Castle,3,12
-0.129697889,51.50908747,325,St. Martin's Street,West End,0,18
-0.099981142,51.53266186,326,Graham Street,Angel,21,0
-0.086016,51.53114,327,New North Road 1,Hoxton,10,12
-0.085603,51.53095,328,New North Road 2,Hoxton,13,9
-0.160854428,51.53589283,329,Prince Albert Road,Regent's Park,8,16
-0.179135079,51.51641749,330,Eastbourne Mews,Paddington,24,10
-0.089887855,51.52085887,331,Bunhill Row,Moorgate,0,30
-0.194757949,51.49334336,332,Nevern Place,Earl's Court,9,11
-0.193764092,51.50860544,333,Palace Gardens Terrace,Notting Hill,10,26
-0.115851,51.505044,334,Concert Hall Approach 1,South Bank,2,8
-0.120718759,51.51196803,335,Tavistock Street,Covent Garden,0,31
-0.115533,51.504942,336,Concert Hall Approach 2,South Bank,14,4
-0.197524944,51.51108452,337,Pembridge Villas,Notting Hill,5,11
-0.119643424,51.51175646,338,Wellington Street,Strand,0,15
-0.111781191,51.5333196,339,Risinghill Street,Angel,4,20
-0.087587447,51.51444134,340,Bank of England Museum,Bank,0,14
-0.12602103,51.50810309,341,Craven Street,Strand,10,11
-0.150181444,51.53692216,343,London Zoo Car Park,Regent's Park,28,7
-0.10102611,51.528246,344,Goswell Road (City Uni),Finsbury,5,12
-0.166878535,51.48802358,345,Flood Street,Chelsea,2,16
-0.113936001,51.50013942,347,Lower Marsh,Waterloo,7,10
-0.150481272,51.51217033,348,Grosvenor Square,Mayfair,0,17
-0.142783033,51.51196,349,St. George Street,Mayfair,0,18
-0.1798541843891,51.5017154373867,350,Queen's Gate,Kensington Gardens,8,11
-0.097122,51.529423,351,Macclesfield Rd,St Lukes,25,2
-0.116625,51.486965,352,Vauxhall Street,Vauxhall,18,0
-0.134234258,51.49459148,353,Greycoat Street,Westminster,12,4
-0.123702,51.506767,354,Northumberland Avenue,Strand,32,5
-0.117286,51.486575,355,Oval Way,Lambeth,15,5
-0.173881,51.494412,356,South Kensington Station,South Kensington,7,8
-0.139016,51.520994,357,Howland Street,Fitzrovia,0,29
-0.124332175,51.51643491,358,High Holborn,Covent Garden,0,17
-0.135440826,51.49782999,359,Butler Place,Westminster,8,10
-0.138733562,51.49675303,360,Howick Place,Westminster,2,25
-0.11342628,51.50391972,361,Waterloo Station 2,Waterloo,46,4
-0.133952,51.536264,362,Royal College Street,Camden Town,35,22
-0.171185284853,51.5291212008901,363,Lord's,St. John's Wood,17,7
-0.132339,51.519656,364,Alfred Place,Bloomsbury,0,41
-0.100168,51.530344,365,City Road,Angel,39,8
-0.1511263847351,51.5109192966489,366,Millennium Hotel,Mayfair,0,27
-0.1642075,51.5173721,367,Harrowby Street,Marylebone,2,14
-0.15934065,51.50024195,368,Harriet Street,Knightsbridge,3,20
-0.174593,51.520205,370,Paddington Green,Paddington,2,18
-0.10988,51.49775,371,King Edward Walk,Waterloo,16,6
-0.117863,51.515208,372,Sardinia Street,Holborn,10,14
-0.176415994,51.49980661,373,Prince Consort Road,Knightsbridge,0,18
-0.11386435,51.50402793,374,Waterloo Station 1,Waterloo,12,24
-0.194392952,51.50194596,375,Kensington Town Hall,Kensington,1,17
-0.125674815,51.49188409,376,Millbank House,Pimlico,18,6
-0.113656543,51.50535447,377,Waterloo Bridge,South Bank,4,11
-0.179077626,51.49559291,378,Natural History Museum,South Kensington,5,35
-0.200838199,51.51431171,379,Turquoise Island,Notting Hill,5,16
-0.150666888,51.50686435,380,Stanhope Gate,Mayfair,0,21
-0.13577731,51.51953043,381,Charlotte Street,Fitzrovia,0,13
-0.14744969,51.50935171,382,Farm Street,Mayfair,0,14
-0.13121385,51.51310333,383,Frith Street,Soho,0,17
-0.192404,51.496481,384,Marloes Road,Kensington,7,7
-0.130110822,51.51352755,386,Moor Street,Soho,0,16
-0.121394101,51.49369988,387,Fire Brigade Pier,Vauxhall,9,21
-0.121723604,51.51070161,388,Southampton Street,Strand,0,13
-0.155757901,51.51013066,389,Upper Grosvenor Street,Mayfair,0,18
-0.068856,51.521776,390,Buxton Street 1,Shoreditch,40,0
-0.142345694,51.51066202,391,Clifford Street,Mayfair,0,27
-0.179702476,51.49942855,392,Imperial College,Knightsbridge,3,18
-0.103604248,51.51733427,393,Snow Hill,Farringdon,1,14
-0.176268,51.524826,394,Aberdeen Place,St. John's Wood,18,0
-0.159919,51.492462,395,Cadogan Gardens,Sloane Square,4,11
-0.163609,51.51809,396,Shouldham Street,Marylebone,5,11
-0.17977,51.51348,397,Devonshire Terrace,Bayswater,16,0
-0.200742,51.502319,398,Holland Park,Kensington,7,23
-0.071653961,51.52261762,399,Brick Lane Market,Shoreditch,20,3
-0.154106,51.517703,400,George Street,Marylebone,0,26
-0.075375,51.528187,401,Columbia Road,Weavers,18,6
-0.171681991,51.52289229,402,Penfold Street,Marylebone,8,7
-0.158249929,51.51689296,403,George Place Mews,Marylebone,1,15
-0.184400221,51.50204238,404,Palace Gate,Kensington Gardens,12,3
-0.18267094,51.49418566,405,Gloucester Road Station,South Kensington,9,5
-0.159988,51.512303,406,Speakers' Corner 2,Hyde Park,3,20
-0.160785,51.51222,407,Speakers' Corner 1,Hyde Park,7,10
-0.170704337,51.51994326,408,Paddington Green Police Station,Paddington,14,26
-0.099828,51.493146,409,Strata,Southwark,9,12
-0.169774,51.519968,410,Edgware Road Station,Paddington,5,57
-0.09968067,51.49337264,411,Walworth Road,Southwark,27,3
-0.110121,51.488105,412,Cleaver Street,Kennington,16,1
-0.149004,51.485821,419,Chelsea Bridge,Pimlico,12,3
-0.105312,51.504043,420,Southwark Station 1,Southwark,36,1
-0.104778,51.504044,421,Southwark Station 2,Southwark,23,21
-0.15393398,51.49456127,423,Eaton Square (South),Belgravia,1,30
-0.149186,51.490491,424,Ebury Bridge,Pimlico,22,3
-0.139159,51.533379,425,Harrington Square 2,Camden Town,31,7
-0.129925,51.493072,426,Vincent Street,Pimlico,8,9
-0.09294031,51.51397065,427,Cheapside,Bank,6,37
-0.174554,51.499917,428,Exhibition Road,Knightsbridge,1,18
-0.17524,51.48902,430,South Parade,Chelsea,8,9
-0.122203,51.534474,431,Crinan Street,King's Cross,10,10
-0.173894,51.496957,432,Exhibition Road Museums,Knightsbridge,0,20
-0.116279,51.524564,433,Wren Street,Holborn,2,30
-0.105593,51.488852,435,Kennington Station,Kennington,14,9
-0.11655,51.51824,436,Red Lion Street,Holborn,0,36
-0.120903,51.488124,437,Vauxhall Walk,Vauxhall,19,7
-0.118677,51.5338,439,Killick Street,Kings Cross,17,5
-0.113134,51.483145,440,Kennington Oval,Oval,24,8
-0.114605,51.495656,441,Sail Street,Vauxhall,18,6
-0.211358,51.510101,442,Walmer Road,Notting Hill,5,18
-0.058641,51.515256,443,Philpot Street,Whitechapel,12,18
-0.055312,51.52568,444,Bethnal Green Gardens,Bethnal Green,5,19
-0.065076,51.52388,445,Cheshire Street,Bethnal Green,28,0
-0.055894,51.528936,446,York Hall,Bethnal Green,24,3
-0.007542,51.493381,447,Jubilee Crescent,Cubitt Town,28,26
-0.02296,51.50623,448,Fishermans Walk West,Canary Wharf,0,35
-0.057159,51.511088,449,Shadwell Station,Shadwell,31,2
-0.053177,51.515975,450,Jubilee Street,Stepney,28,0
-0.063531,51.504719,451,Hermitage Court,Wapping,14,2
-0.070542,51.505697,452,St Katharines Way,Tower,8,16
-0.055167,51.508447,453,Garnet Street,Shadwell,24,0
-0.021582,51.487679,454,Napier Avenue,Millwall,14,5
-0.014409,51.49447,455,East Ferry Road,Cubitt Town,13,4
-0.144664,51.538071,456,Parkway,Camden Town,23,9
-0.145393,51.542138,457,Castlehaven Road,Camden Town,27,1
-0.057544,51.504749,458,Wapping Lane,Wapping,26,1
-0.03338,51.535179,459,Gun Makers Lane,Old Ford,8,9
-0.029138,51.516196,460,Burdett Road,Mile End,16,16
-0.038775,51.516,461,Aston Street,Stepney,10,16
-0.138853,51.541603,462,Bonny Street,Camden Town,40,5
-0.071881,51.534776,463,Thurtle Road,Haggerston,18,4
-0.052099,51.51417,464,St. Mary and St. Michael Church,Stepney,24,0
-0.08249,51.53558,465,Pitfield Street (North),Hoxton,27,0
-0.076341,51.534464,466,Whiston Road,Haggerston,12,9
-0.030556,51.523538,467,Southern Grove,Bow,3,14
-0.022694,51.521564,468,Cantrell Road,Bow,7,17
-0.020467,51.513757,469,Lindfield Street,Poplar,27,16
-0.025492,51.530535,470,Mostyn Grove,Bow,35,10
-0.028155,51.533283,471,Hewison Street,Old Ford,1,16
-0.027616,51.529452,472,Malmesbury Road,Bow,8,13
-0.019355,51.496137,473,Millharbour,Millwall,3,16
-0.011457,51.498125,474,Castalia Square,Cubitt Town,16,23
-0.020157,51.499041,475,Lightermans Road,Millwall,4,52
-0.009205,51.489096,476,Stebondale Street,Cubitt Town,25,4
-0.018716,51.49109,477,Spindrift Avenue,Millwall,31,5
-0.04667,51.521889,478,Stepney Green Station,Stepney,17,0
-0.058005,51.527152,479,Pott Street,Bethnal Green,15,4
-0.0389866,51.5128711,480,Flamborough Street,Limehouse,24,0
-0.009001,51.487129,481,Saunders Ness Road,Cubitt Town,30,2
-0.02377,51.509843,482,Thornfield House,Poplar,11,15
-0.047784,51.51328,483,Albert Gardens,Stepney,25,7
-0.013258,51.528828,484,Bromley High Street,Bromley,16,4
-0.048017,51.531127,485,Old Ford Road,Bethnal Green,15,8
-0.069543,51.525645,486,Granby Street,Shoreditch,34,2
-0.025626,51.511811,487,Canton Street,Poplar,20,3
-0.058681,51.506946,488,Reardon Street,Wapping,20,0
-0.064094,51.513074,489,Christian Street,Whitechapel,25,9
-0.065006,51.508622,490,Pennington Street,Wapping,29,16
-0.041378,51.522507,491,Queen Marys,Mile End,13,30
-0.03562,51.524677,492,The Green Bridge,Mile End,51,9
-0.016251,51.50196,494,South Quay East,Canary Wharf,0,35
-0.018703,51.528169,495,Bow Church Station,Bow,31,7
-0.015578,51.52512,496,Devons Road,Bow,8,30
-0.025296,51.527058,498,Bow Road Station,Bow,8,33
-0.021345,51.519265,499,Furze Green,Bow,10,24
-0.054883,51.522561,501,Cephas Street,Bethnal Green,20,4
-0.022702,51.502635,502,South Quay West,Canary Wharf,0,27
-0.051394,51.520893,503,Cleveland Way,Bethnal Green,24,11
-0.009506,51.496454,504,St John's Park,Cubitt Town,29,0
-0.026768,51.520398,505,Ackroyd Drive,Bow,1,28
-0.075855,51.517475,506,Bell Lane,Liverpool Street,3,20
-0.059091,51.528692,507,Clarkson Street,Bethnal Green,22,9
-0.074431,51.519362,508,Fournier Street,Whitechapel,1,15
-0.090075,51.517842,509,Fore Street,Guildhall,0,18
-0.025996,51.509303,510,Westferry DLR,Limehouse,0,40
-0.053558,51.511066,511,Sutton Street,Shadwell,14,19
-0.06142,51.532091,512,Pritchard's Road,Bethnal Green,26,1
-0.055656,51.5142228,513,Watney Market,Stepney,24,25
-0.155525,51.516204,514,Portman Square,Marylebone,1,16
-0.211316,51.500088,515,Russell Gardens,Holland Park,9,15
-0.014438,51.5112,516,Chrisp Street Market,Poplar,11,7
-0.033085,51.532513,517,Ford Road,Old Ford,11,7
-0.037471,51.528224,518,Antill Road,Mile End,22,7
-0.011662,51.518811,519,Teviot Street,Poplar,26,7
-0.047218,51.526041,520,Bancroft Road,Bethnal Green,10,10
-0.037366,51.534137,521,Driffield Road,Old Ford,15,4
-0.036017,51.525941,522,Clinton Road,Mile End,26,10
-0.013475,51.51549,523,Langdon Park,Poplar,11,13
-0.179668,51.511654,524,Lancaster Gate,Bayswater,12,26
-0.014293,51.504714,525,Churchill Place,Canary Wharf,0,18
-0.008428,51.503143,526,Lancaster Drive,Blackwall,12,14
-0.215808,51.503802,527,Hansard Mews,Shepherds Bush,17,3
-0.145827,51.507326,528,Clarges Street,West End,0,16
-0.170983,51.486892,529,Manresa Road,Chelsea,12,6
-0.012413,51.508896,530,Newby Place,Poplar,15,1
-0.042744,51.530326,531,Twig Folly Bridge,Mile End,9,11
-0.020068,51.50357,532,Jubilee Plaza,Canary Wharf,0,63
-0.069743,51.528222,533,Wellington Row,Bethnal Green,9,24
-0.066035,51.531864,534,Goldsmiths Row,Haggerston,26,0
-0.147154,51.537349,535,Gloucester Avenue,Camden Town,20,4
-0.067937,51.51793,537,Old Montague Street,Whitechapel,16,1
-0.00699,51.508981,538,Naval Row,Blackwall,9,12
-0.075901,51.531091,539,Hoxton Station,Haggerston,17,5
-0.144466,51.528302,540,Albany Street,Regent's Park,20,6
-0.142844,51.506613,541,Green Park Station,West End,0,26
-0.033828,51.514115,542,Salmon Lane,Limehouse,7,26
-0.204666,51.509591,543,Lansdowne Walk,Notting Hill,0,21
-0.102208,51.526153,544,Percival Street,Finsbury,16,6
-0.145246,51.539957,545,Arlington Road,Camden Town,21,3
-0.107987,51.517428,546,New Fetter Lane,Holborn,0,21
-0.002275,51.509474,547,East India DLR,Blackwall,46,5
-0.107913,51.498386,548,Westminster Bridge Road,Elephant & Castle,24,2
-0.104193,51.49605,549,Gaywood  Street,Elephant & Castle,37,8
-0.039264,51.521564,550,Harford Street,Mile End,4,19
-0.016233,51.503447,551,Montgomery Square,Canary Wharf,0,39
-0.056667,51.511542,552,Watney Street,Shadwell,23,4
-0.062546,51.535678,553,Regent's Row,Haggerston,12,10
-0.005659,51.513548,554,Aberfeldy Street,Poplar,16,0
-0.021596,51.502661,556,Heron Quays DLR,Canary Wharf,0,26
-0.0985,51.51601,557,King Edward Street,St Pauls,0,20
-0.127554,51.493978,558,Page Street,Westminster,3,20
-0.205991,51.501391,559,Abbotsbury Road,Holland Park,18,4
-0.205921,51.511624,560,Ladbroke Grove Central,Notting Hill,1,19
-0.043371,51.518369,561,Rectory Square,Stepney,8,13
-0.12335,51.51746,562,Bury Place,Holborn,0,21
-0.009152,51.499286,563,Preston's Road,Cubitt Town,14,12
-0.117619,51.509943,564,Somerset House,Strand,34,6
-0.063386,51.521905,565,Selby Street,Whitechapel,11,5
-0.224103,51.509158,566,Westfield Ariel Way,White City,12,30
-0.18697,51.51616,568,Bishop's Bridge Road West,Bayswater,17,0
-0.08299,51.53213,569,Pitfield Street Central,Hoxton,22,0
-0.017676,51.503083,570,Upper Bank Street,Canary Wharf,0,36
-0.218337,51.506256,571,Westfield Southern Terrace,Shepherd's Bush,25,4
-0.141728,51.539099,572,Greenland Road,Camden Town,28,7
-0.18119,51.485587,573,Limerston Street,Chelsea,1,15
-0.09315,51.53356,574,Eagle Wharf Road,Hoxton,44,1
-0.022793,51.497304,576,Alpha Grove,Millwall,14,6
-0.047548,51.528869,577,Globe Town Market,Bethnal Green,13,7
-0.057133,51.527607,578,Hollybush Gardens,Bethnal Green,11,21
-0.093051,51.511246,579,Queen Street 2,Bank,0,33
-0.102996299,51.48692917,580,Doddington Grove,Kennington,30,6
-0.125978,51.497622,583,Abingdon Green,Great College Street,11,9
-0.19096,51.51244,584,Ilchester Gardens,Bayswater,11,10
-0.014582,51.490645,586,Mudchute DLR,Cubitt Town,27,4
-0.08497,51.50964,587,Monument Street,Monument,1,20
-0.0801,51.52959,588,Hoxton Street,Hoxton,22,4
-0.179369,51.487196,589,Drayton Gardens,Chelsea,10,8
-0.16862,51.53256,590,Greenberry Street,St.John's Wood,26,0
-0.2242237,51.506093,591,Westfield Library Corner,Shepherd's Bush,3,23
-0.18377,51.5171,592,Bishop's Bridge Road East,Bayswater,18,1
-0.11934,51.531066,593,Northdown Street,King's Cross,20,0
-0.117774,51.513875,594,Kingsway Southbound,Strand,1,32
-0.21985,51.493267,595,Hammersmith Road,Hammersmith,1,21
-0.199783,51.472817,596,Parson's Green,Parson's Green,2,17
-0.20782,51.473471,597,Fulham Park Road,Fulham,20,7
-0.228188,51.494499,598,Southerton Road,Hammersmith,13,25
-0.223616,51.485743,599,Manbre Road,Hammersmith,3,24
-0.124642,51.481747,600,South Lambeth Road,Vauxhall,13,8
-0.225787,51.514767,601,BBC White City,White City,3,33
-0.133972,51.472993,602,Union Grove,Wandsworth Road,35,8
-0.116493,51.477839,603,Caldwell Street,Stockwell,40,2
-0.138535,51.538792,604,St Martin's Close,Camden Town,2,14
-0.163667,51.520331,605,Seymour Place,Marylebone,21,8
-0.210941,51.504199,606,Addison Road,Holland Park,8,18
-0.210279,51.468814,607,Putney Bridge Station,Fulham,8,13
-0.216493,51.491093,608,Colet Gardens,Hammersmith,5,25
-0.157788279,51.46512358,609,Sugden Road,Battersea,8,11
-0.172078187,51.48256792,610,Danvers Street,West Chelsea,8,13
-0.208486599,51.50646524,611,Princedale Road,Holland Park,14,6
-0.141812513,51.46925984,612,Wandsworth Rd,Isley Court,22,8
-0.217400093,51.50403821,613,Woodstock Grove,Shepherd's Bush,4,18
-0.144690541,51.47817208,614,Bradmead,Nine Elms,25,14
-0.215895601,51.4768851,615,Finlay Street,Fulham,11,11
-0.209973497,51.48102131,616,Aintree Street,Fulham,17,6
-0.207842908,51.47107905,617,Elysium Place,Fulham,7,14
-0.193254007,51.47625965,618,Eel Brook Common,Walham Green,16,7
-0.197010096,51.4737636,619,Irene Road,Parsons Green,13,30
-0.167160736,51.47518024,620,Surrey Lane,Battersea,17,10
-0.187427294,51.46086446,621,Wandsworth Town Station,Wandsworth,21,12
-0.205535908,51.50748124,622,Lansdowne Road,Ladbroke Grove,7,22
-0.180791784,51.46193072,623,Nantes Close,Wandsworth,16,6
-0.132102704,51.4729184,624,Courland Grove,Wandsworth Road,35,5
-0.149551631,51.47761941,625,Queen's Circus,Battersea Park,17,10
-0.20481514,51.48438657,626,Normand Park,Fulham,14,10
-0.158230901,51.4687905,627,Holden Street,Battersea,9,11
-0.184318843,51.46881971,628,William Morris Way,Sands End,23,2
-0.190184054,51.45995384,629,Morie Street,Wandsworth,13,14
-0.126994068,51.47073264,630,Clarence Walk,Stockwell,24,3
-0.141770709,51.4795017,631,Battersea Park Road,Nine Elms,25,2
-0.163041605,51.47053858,632,Sheepcote Lane,Battersea,25,3
-0.209378594,51.48959104,633,Vereker Road,West Kensington,8,22
-0.215804559,51.49434708,634,Brook Green South,Brook Green,11,22
-0.214428378,51.48606206,635,Greyhound Road,Hammersmith,20,17
-0.193502076,51.46706414,636,South Park,Sands End,5,22
-0.174691623,51.45787019,637,Spencer Park,Wandsworth Common,13,12
-0.169821175,51.46663393,638,Falcon Road,Clapham Junction,17,5
-0.202038682,51.48357068,639,Coomer Place,West Kensington,23,3
-0.148059277,51.47286577,640,Silverthorne Road,Battersea,19,9
-0.117495865,51.49824168,641,Archbishop's Park,Waterloo,8,15
-0.174485792,51.46916161,642,Fawcett Close,Battersea,17,19
-0.204764421,51.5190427,643,All Saints' Road,Portobello,13,8
-0.223852256,51.48373225,644,Rainville Road,Hammersmith,10,25
-0.100292412,51.50173215,645,Great Suffolk Street,The Borough,19,2
-0.137424571,51.49886563,646,Buckingham Gate,Westminster,4,9
-0.217515071,51.50035306,647,Richmond Way,Shepherd's Bush,26,1
-0.19627483,51.46904022,648,Peterborough Road,Sands End,8,22
-0.18027465,51.48180515,649,World's End Place,West Chelsea,21,1
-0.213872396,51.51687069,650,St. Mark's Road,North Kensington,18,5
-0.183853573,51.48089844,651,Thorndike Close,West Chelsea,10,15
-0.218190203,51.51148696,652,Evesham Street,Avondale,11,17
-0.17070367,51.47084722,653,Simpson Street,Battersea,21,4
-0.117661574,51.48267821,654,Ashmole Estate,Oval,30,4
-0.219346128,51.48294452,655,Crabtree Lane,Fulham,1,26
-0.199135704,51.46841875,656,Broomhouse Lane,Parsons Green,19,10
-0.221791552,51.4996806,657,Blythe Road West,Shepherd's Bush,10,10
-0.16478637,51.47729232,658,Ethelburga Estate,Battersea Park,22,7
-0.174619404,51.46437067,659,Grant Road West,Clapham Junction,9,47
-0.206029743,51.49087074,660,West Kensington Station,West Kensington,3,19
-0.202608612,51.51632095,661,All Saints Church,Portobello,18,19
-0.167919869,51.48498496,662,Phene Street,Chelsea,2,20
-0.211593602,51.51323001,663,Clarendon Road,Avondale,6,18
-0.155442787,51.474376,664,Austin Road,Battersea,22,1
-0.191722864,51.46108367,665,Smugglers Way,Wandsworth,27,1
-0.208158259,51.49610093,666,Olympia Way,Olympia,6,30
-0.222293381,51.5015946,667,Shepherd's Bush Road North,Shepherd's Bush,20,13
-0.236769936,51.49422354,668,Ravenscourt Park Station,Hammersmith,12,13
-0.1232585,51.47614939,669,Teversham Lane,Stockwell,37,2
-0.152248582,51.46718562,670,Ashley Crescent,Battersea,11,17
-0.201968,51.475089,671,Parsons Green Station,Parsons Green,34,21
-0.173656546,51.4646884,672,Grant Road Central,Clapham Junction,20,7
-0.18038939,51.46517078,673,Hibbert Street,Battersea,32,3
-0.11619105,51.53546778,674,Carnegie Street,King's Cross,35,4
-0.182126248,51.46348914,675,Usk Road,Battersea,4,26
-0.126874471,51.47787084,676,Hartington Road,Stockwell,19,14
-0.146544642,51.46866929,677,Heath Road,Battersea,25,1
-0.211468596,51.46231278,678,Esmond Street,Putney,30,0
-0.170210533,51.47453545,679,Orbel Street,Battersea,13,12
-0.170329317,51.47768469,680,Westbridge Road,Battersea,23,4
-0.214749808,51.47303687,681,Bishop's Avenue,Fulham,14,31
-0.22660621,51.48810829,682,Crisp Road,Hammersmith,7,36
-0.163750945,51.46506424,683,Dorothy Road,Clapham Junction,12,16
-0.195197203,51.45475251,684,Neville Gill Close,Wandsworth,24,8
-0.198735357,51.46067005,685,Osiers Road,Wandsworth,29,1
-0.222456468,51.48814438,686,Beryl Road,Hammersmith,3,23
-0.21145598,51.49760804,687,Maclise Road,Olympia,12,14
-0.20066766,51.46095151,688,Northfields,Wandsworth,19,8
-0.180884959,51.45922541,689,Spanish Road,Wandsworth,14,16
-0.152130083,51.47047503,690,Stanley Grove,Battersea,24,0
-0.195777222,51.47946386,691,Erin Close,Walham Green,18,4
-0.028941601,51.54211855,692,Cadogan Close,Victoria Park,12,9
-0.215618902,51.464786,693,Felsham Road,Putney,10,7
-0.102757578,51.53638435,695,Islington Green,Angel,21,0
-0.217995921,51.48728535,696,Charing Cross Hospital,Hammersmith,2,18
-0.112721065,51.53639219,697,Charlotte Terrace,Angel,15,9
-0.070329419,51.53908372,698,Shoreditch Court,Haggerston,29,6
-0.07023031,51.5366541,699,Belford House,Haggerston,22,17
-0.174347066,51.47696496,700,Battersea Church Road,Battersea,25,0
-0.176267008,51.47287627,701,Vicarage Crescent,Battersea,22,8
-0.065550321,51.52868155,702,Durant Street,Bethnal Green,11,12
-0.10534448,51.51505991,703,St. Bride Street,Holborn,0,25
-0.202802098,51.45682071,704,Mexfield Road,East Putney,9,9
-0.212145939,51.45971528,705,Upper Richmond Road,East Putney,12,13
-0.083632928,51.50215353,706,Snowsfields,London Bridge,17,13
-0.215087092,51.49021762,707,Barons Court Station,West Kensington,0,31
-0.21614583,51.46161068,708,Disraeli Road,Putney,26,5
-0.215550761,51.46321128,709,Montserrat Road,Putney,22,0
-0.163347594,51.47439218,710,Albert Bridge Road,Battersea Park,7,13
-0.216305546,51.48335692,711,Everington Street,Fulham,5,26
-0.034903714,51.51854104,712,Mile End Stadium,Mile End,14,7
-0.14326094,51.54100708,713,Hawley Crescent,Camden Town,20,1
-0.137235175,51.47311696,714,Stewart's Road,Nine Elms,18,9
-0.049067243,51.51563007,715,Aylward Street,Stepney,17,5
-0.02356501,51.51542791,716,Stainsby Road,Poplar,8,16
-0.075885686,51.53658514,717,Dunston Road,Haggerston,33,8
-0.060291813,51.53571683,718,Ada Street,Hackney Central,40,4
-0.054162264,51.53642464,719,Victoria Park Road,Hackney Central,27,5
-0.205279052,51.48724429,720,Star Road,West Kensington,10,14
-0.026262677,51.53603947,721,Wendon Street,Old Ford,13,5
-0.058631453,51.52458353,722,Finnis Street,Bethnal Green,15,4
-0.190346493,51.46822047,723,Stephendale Road,Sands End,47,1
-0.184806157,51.45799126,724,Alma Road,Wandsworth,14,14
-0.138748723,51.47732253,725,Thessaly Road North,Nine Elms,21,7
-0.150908371,51.47505096,726,Alfreda Street,Battersea Park,17,5
-0.20587627,51.47569809,727,Chesilton Road,Fulham,10,12
-0.206240805,51.46199911,728,Putney Bridge Road,East Putney,11,16
-0.208485293,51.47893931,729,St. Peter's Terrace,Fulham,7,17
-0.229116862,51.49208492,730,Bridge Avenue,Hammersmith,11,7
-0.189210466,51.47727637,731,Michael Road,Walham Green,33,3
-0.087262995,51.50630441,732,Duke Street Hill,London Bridge,1,20
-0.150817316,51.50542628,733,Park Lane,Mayfair,0,18
-0.175407201,51.46230566,734,Plough Terrace,Clapham Junction,14,17
-0.17302926,51.46489445,735,Grant Road East,Clapham Junction,34,1
-0.19411695,51.47993289,737,Fulham Broadway,Walham Green,12,11
-0.187278987,51.47514228,738,Imperial Road,Sands End,36,1
-0.185273723,51.48176572,739,Hortensia Road,West Brompton,12,16
-0.214594781,51.51092871,740,Sirdar Road,Avondale,13,13
-0.219486603,51.5129814,741,Freston Road,Avondale,13,9
-0.208565479,51.51510818,742,Blenheim Crescent,Ladbroke Grove,17,4
-0.212607684,51.46079243,743,Oxford Road,Putney,28,1
-0.172293499,51.46745485,744,Ingrave Street,Battersea,18,11
-0.18243547,51.47816972,745,Upcerne Road,West Chelsea,21,7
-0.17903854,51.4795738,746,Lots Road,West Chelsea,2,22
-0.161765173,51.48796408,747,Ormonde Gate,Chelsea,11,13
-0.079201849,51.53727795,748,Hertford Road,De Beauvoir Town,24,0
-0.074284675,51.53932857,749,Haggerston Road,Haggerston,36,0
-0.157850096,51.4710956,750,Culvert Road,Battersea,20,5
-0.120909408,51.51612862,751,Newton Street,Covent Garden,0,24
-0.20600248,51.45816465,752,Manfred Road,East Putney,11,18
-0.234094148,51.49263658,753,Hammersmith Town Hall,Hammersmith,17,11
-0.214762686,51.5129006,754,Grenfell Road,Avondale,4,20
-0.174971902,51.48512191,755,The Vale,Chelsea,14,8
-0.159169801,51.47515398,756,Prince of Wales Drive,Battersea Park,19,2
-0.187404506,51.48795853,757,Harcourt Terrace,West Brompton,21,1
-0.201005397,51.51787005,758,Westbourne Park Road,Portobello,17,6
-0.165668686,51.52456169,759,Broadley Terrace,Marylebone,3,15
-0.163795009,51.52526975,760,Rossmore Road,Marylebone,12,6
-0.211860644,51.48321729,761,Humbolt Road,Fulham,10,16
-0.129698963,51.50070305,762,Storey's Gate,Westminster,8,13
-0.032566533,51.52059714,763,Mile End Park Leisure Centre,Mile End,12,35
-0.16829214,51.46239255,764,St. John's Road,Clapham Junction,32,0
-0.20682737,51.46760141,765,Ranelagh Gardens,Fulham,20,19
-0.192165613,51.45752945,766,Ram Street,Wandsworth,24,1
-0.200806304,51.45705988,767,Santos Road,Wandsworth,16,14
-0.159322467,51.46134382,768,Clapham Common Northside,Clapham Common,20,17
-0.191803,51.473611,769,Sandilands Road,Walham Green,20,1
-0.209121,51.491026,770,Gwendwr Road,West Kensington,17,13
-0.216016,51.509224,771,Rifle Place,Avondale,4,17
-0.122831913,51.47250956,772,Binfield Road,Stockwell,35,0
-0.107349,51.511891,773,Tallis Street,Temple,0,23
-0.20464,51.470131,774,Hurlingham Park,Parsons Green,11,9
-0.223868,51.496664,775,Little Brook Green,Brook Green,16,17
-0.167029,51.460333,776,Abyssinia Close,Clapham Junction,10,10
-0.165297856693,51.4619230679,777,Limburg Road,Clapham Common,7,11
