<nex:nexml xmlns:nex="http://www.nexml.org/2009" xmlns:xsi="http://www.w3.org/2001/XMLSchema-instance" xmlns:cdao="http://www.evolutionaryontology.org/cdao/1.0/cdao.owl#" xmlns:xsd="http://www.w3.org/2001/XMLSchema#" xmlns:dc="http://purl.org/dc/elements/1.1/" xmlns:dcterms="http://purl.org/dc/terms/" xmlns:prism="http://prismstandard.org/namespaces/1.2/basic/" xmlns:cc="http://creativecommons.org/ns#" xmlns:ncbi="http://www.ncbi.nlm.nih.gov/taxonomy#" xmlns:tc="http://rs.tdwg.org/ontology/voc/TaxonConcept#" xmlns="http://www.nexml.org/2009" version="0.9" generator="RNeXML">
  <meta xsi:type="LiteralMeta" property="dc:date" datatype="xsd:string" content="2013-11-19"/>
  <meta xsi:type="ResourceMeta" href="http://creativecommons.org/publicdomain/zero/1.0/" rel="cc:license"/>
  <otus id="tax1">
    <otu label="Struthioniformes" id="t1">
      <meta xsi:type="ResourceMeta" href="http://ncbi.nlm.nih.gov/taxonomy/8798" rel="tc:toTaxon"/>
    </otu>
    <otu label="Tinamiformes" id="t2">
      <meta xsi:type="ResourceMeta" href="http://ncbi.nlm.nih.gov/taxonomy/8802" rel="tc:toTaxon"/>
    </otu>
    <otu label="Craciformes" id="t3">
      <meta xsi:type="ResourceMeta" href="http://ncbi.nlm.nih.gov/taxonomy/8976" rel="tc:toTaxon"/>
    </otu>
    <otu label="Galliformes" id="t4">
      <meta xsi:type="ResourceMeta" href="http://ncbi.nlm.nih.gov/taxonomy/8976" rel="tc:toTaxon"/>
    </otu>
    <otu label="Anseriformes" id="t5">
      <meta xsi:type="ResourceMeta" href="http://ncbi.nlm.nih.gov/taxonomy/8826" rel="tc:toTaxon"/>
    </otu>
    <otu label="Turniciformes" id="t6">
      <meta xsi:type="ResourceMeta" href="http://ncbi.nlm.nih.gov/taxonomy/9245" rel="tc:toTaxon"/>
    </otu>
    <otu label="Piciformes" id="t7">
      <meta xsi:type="ResourceMeta" href="http://ncbi.nlm.nih.gov/taxonomy/9219" rel="tc:toTaxon"/>
    </otu>
    <otu label="Galbuliformes" id="t8">
      <meta xsi:type="ResourceMeta" href="http://ncbi.nlm.nih.gov/taxonomy/118184" rel="tc:toTaxon"/>
    </otu>
    <otu label="Bucerotiformes" id="t9">
      <meta xsi:type="ResourceMeta" href="http://ncbi.nlm.nih.gov/taxonomy/57379" rel="tc:toTaxon"/>
    </otu>
    <otu label="Upupiformes" id="t10">
      <meta xsi:type="ResourceMeta" href="http://ncbi.nlm.nih.gov/taxonomy/57389" rel="tc:toTaxon"/>
    </otu>
    <otu label="Trogoniformes" id="t11">
      <meta xsi:type="ResourceMeta" href="http://ncbi.nlm.nih.gov/taxonomy/56308" rel="tc:toTaxon"/>
    </otu>
    <otu label="Coraciiformes" id="t12">
      <meta xsi:type="ResourceMeta" href="http://ncbi.nlm.nih.gov/taxonomy/8936" rel="tc:toTaxon"/>
    </otu>
    <otu label="Coliiformes" id="t13">
      <meta xsi:type="ResourceMeta" href="http://ncbi.nlm.nih.gov/taxonomy/57384" rel="tc:toTaxon"/>
    </otu>
    <otu label="Cuculiformes" id="t14">
      <meta xsi:type="ResourceMeta" href="http://ncbi.nlm.nih.gov/taxonomy/8940" rel="tc:toTaxon"/>
    </otu>
    <otu label="Psittaciformes" id="t15">
      <meta xsi:type="ResourceMeta" href="http://ncbi.nlm.nih.gov/taxonomy/9223" rel="tc:toTaxon"/>
    </otu>
    <otu label="Apodiformes" id="t16">
      <meta xsi:type="ResourceMeta" href="http://ncbi.nlm.nih.gov/taxonomy/8892" rel="tc:toTaxon"/>
    </otu>
    <otu label="Trochiliformes" id="t17">
      <meta xsi:type="ResourceMeta" href="http://ncbi.nlm.nih.gov/taxonomy/9241" rel="tc:toTaxon"/>
    </otu>
    <otu label="Musophagiformes" id="t18">
      <meta xsi:type="ResourceMeta" href="http://ncbi.nlm.nih.gov/taxonomy/56301" rel="tc:toTaxon"/>
    </otu>
    <otu label="Strigiformes" id="t19">
      <meta xsi:type="ResourceMeta" href="http://ncbi.nlm.nih.gov/taxonomy/30458" rel="tc:toTaxon"/>
    </otu>
    <otu label="Columbiformes" id="t20">
      <meta xsi:type="ResourceMeta" href="http://ncbi.nlm.nih.gov/taxonomy/8929" rel="tc:toTaxon"/>
    </otu>
    <otu label="Gruiformes" id="t21">
      <meta xsi:type="ResourceMeta" href="http://ncbi.nlm.nih.gov/taxonomy/9108" rel="tc:toTaxon"/>
    </otu>
    <otu label="Ciconiiformes" id="t22">
      <meta xsi:type="ResourceMeta" href="http://ncbi.nlm.nih.gov/taxonomy/8920" rel="tc:toTaxon"/>
    </otu>
    <otu label="Passeriformes" id="t23">
      <meta xsi:type="ResourceMeta" href="http://ncbi.nlm.nih.gov/taxonomy/9126" rel="tc:toTaxon"/>
    </otu>
  </otus>
  <trees id="Trees" otus="tax1">
    <tree xsi:type="nex:FloatTree" id="tree1">
      <node id="n24"/>
      <node id="n25"/>
      <node id="n26"/>
      <node id="n27"/>
      <node id="n28"/>
      <node id="n29"/>
      <node id="n30"/>
      <node id="n31"/>
      <node id="n32"/>
      <node id="n33"/>
      <node id="n34"/>
      <node id="n35"/>
      <node id="n36"/>
      <node id="n37"/>
      <node id="n38"/>
      <node id="n39"/>
      <node id="n40"/>
      <node id="n41"/>
      <node id="n42"/>
      <node id="n43"/>
      <node id="n44"/>
      <node id="n45"/>
      <node id="n1" otu="t1"/>
      <node id="n2" otu="t2"/>
      <node id="n3" otu="t3"/>
      <node id="n4" otu="t4"/>
      <node id="n5" otu="t5"/>
      <node id="n6" otu="t6"/>
      <node id="n7" otu="t7"/>
      <node id="n8" otu="t8"/>
      <node id="n9" otu="t9"/>
      <node id="n10" otu="t10"/>
      <node id="n11" otu="t11"/>
      <node id="n12" otu="t12"/>
      <node id="n13" otu="t13"/>
      <node id="n14" otu="t14"/>
      <node id="n15" otu="t15"/>
      <node id="n16" otu="t16"/>
      <node id="n17" otu="t17"/>
      <node id="n18" otu="t18"/>
      <node id="n19" otu="t19"/>
      <node id="n20" otu="t20"/>
      <node id="n21" otu="t21"/>
      <node id="n22" otu="t22"/>
      <node id="n23" otu="t23"/>
      <edge id="e1" source="n24" target="n25" length="2.1"/>
      <edge id="e2" source="n25" target="n26" length="4.1"/>
      <edge id="e3" source="n26" target="n1" length="21.8"/>
      <edge id="e4" source="n26" target="n2" length="21.8"/>
      <edge id="e5" source="n25" target="n27" length="3"/>
      <edge id="e6" source="n27" target="n28" length="1.3"/>
      <edge id="e7" source="n28" target="n3" length="21.6"/>
      <edge id="e8" source="n28" target="n4" length="21.6"/>
      <edge id="e9" source="n27" target="n5" length="22.9"/>
      <edge id="e10" source="n24" target="n29" length="1"/>
      <edge id="e11" source="n29" target="n6" length="27"/>
      <edge id="e12" source="n29" target="n30" length="0.7"/>
      <edge id="e13" source="n30" target="n7" length="26.3"/>
      <edge id="e14" source="n30" target="n31" length="1.3"/>
      <edge id="e15" source="n31" target="n32" length="0.6"/>
      <edge id="e16" source="n32" target="n8" length="24.4"/>
      <edge id="e17" source="n32" target="n33" length="1"/>
      <edge id="e18" source="n33" target="n34" length="2.6"/>
      <edge id="e19" source="n34" target="n9" length="20.8"/>
      <edge id="e20" source="n34" target="n10" length="20.8"/>
      <edge id="e21" source="n33" target="n35" length="1.3"/>
      <edge id="e22" source="n35" target="n11" length="22.1"/>
      <edge id="e23" source="n35" target="n12" length="22.1"/>
      <edge id="e24" source="n31" target="n36" length="0.5"/>
      <edge id="e25" source="n36" target="n13" length="24.5"/>
      <edge id="e26" source="n36" target="n37" length="0.8"/>
      <edge id="e27" source="n37" target="n14" length="23.7"/>
      <edge id="e28" source="n37" target="n38" length="0.6"/>
      <edge id="e29" source="n38" target="n15" length="23.1"/>
      <edge id="e30" source="n38" target="n39" length="0.6"/>
      <edge id="e31" source="n39" target="n40" length="0.6"/>
      <edge id="e32" source="n40" target="n41" length="0.6"/>
      <edge id="e33" source="n41" target="n16" length="21.3"/>
      <edge id="e34" source="n41" target="n17" length="21.3"/>
      <edge id="e35" source="n40" target="n42" length="1.5"/>
      <edge id="e36" source="n42" target="n18" length="20.4"/>
      <edge id="e37" source="n42" target="n19" length="20.4"/>
      <edge id="e38" source="n39" target="n43" length="0.9"/>
      <edge id="e39" source="n43" target="n44" length="0.8"/>
      <edge id="e40" source="n44" target="n20" length="20.8"/>
      <edge id="e41" source="n44" target="n45" length="0.7"/>
      <edge id="e42" source="n45" target="n21" length="20.1"/>
      <edge id="e43" source="n45" target="n22" length="20.1"/>
      <edge id="e44" source="n43" target="n23" length="21.6"/>
    </tree>
  </trees>
</nex:nexml>