<?xml version="1.0" encoding="UTF-8"?>
<rdf:RDF xmlns:cc="http://creativecommons.org/ns#" xmlns:ns1="concept:" xmlns:ns2="rdfs:" xmlns:rdf="http://www.w3.org/1999/02/22-rdf-syntax-ns#"><rdf:Description rdf:about="#ou464"><ns1:toTaxon rdf:resource="http://ncbi.nlm.nih.gov/taxonomy/34827"/><ns2:subClassOf rdf:resource="http://ncbi.nlm.nih.gov/taxonomy/34826"/><ns1:rank rdf:resource="http://rs.tdwg.org/ontology/voc/TaxonRank#Species"/></rdf:Description><rdf:Description rdf:about="#ou615"><ns1:toTaxon rdf:resource="http://ncbi.nlm.nih.gov/taxonomy/66063"/><ns2:subClassOf rdf:resource="http://ncbi.nlm.nih.gov/taxonomy/54136"/><ns1:rank rdf:resource="http://rs.tdwg.org/ontology/voc/TaxonRank#Species"/></rdf:Description><rdf:Description rdf:about="#ou579"><ns1:toTaxon rdf:resource="http://ncbi.nlm.nih.gov/taxonomy/867331"/><ns1:rank rdf:resource="http://rs.tdwg.org/ontology/voc/TaxonRank#Species"/><ns2:subClassOf rdf:resource="http://ncbi.nlm.nih.gov/taxonomy/9504"/></rdf:Description><rdf:Description rdf:about="#ou912"><ns1:rank rdf:resource="http://rs.tdwg.org/ontology/voc/TaxonRank#Genus"/><ns2:subClassOf rdf:resource="http://ncbi.nlm.nih.gov/taxonomy/9480"/><ns1:toTaxon rdf:resource="http://ncbi.nlm.nih.gov/taxonomy/9481"/></rdf:Description><rdf:Description rdf:about="#ou617"><ns1:toTaxon rdf:resource="http://ncbi.nlm.nih.gov/taxonomy/224329"/><ns1:rank rdf:resource="http://rs.tdwg.org/ontology/voc/TaxonRank#Species"/><ns2:subClassOf rdf:resource="http://ncbi.nlm.nih.gov/taxonomy/542827"/></rdf:Description><rdf:Description rdf:about="#ou1089"><ns1:rank rdf:resource="http://rs.tdwg.org/ontology/voc/TaxonRank#Genus"/><ns2:subClassOf rdf:resource="http://ncbi.nlm.nih.gov/taxonomy/9528"/><ns1:toTaxon rdf:resource="http://ncbi.nlm.nih.gov/taxonomy/9537"/></rdf:Description><rdf:Description rdf:about="#ou471"><ns2:subClassOf rdf:resource="http://ncbi.nlm.nih.gov/taxonomy/9504"/><ns1:rank rdf:resource="http://rs.tdwg.org/ontology/voc/TaxonRank#Species"/><ns1:toTaxon rdf:resource="http://ncbi.nlm.nih.gov/taxonomy/43147"/></rdf:Description><rdf:Description rdf:about="#ou551"><ns1:rank rdf:resource="http://rs.tdwg.org/ontology/voc/TaxonRank#Species"/><ns1:toTaxon rdf:resource="http://ncbi.nlm.nih.gov/taxonomy/58710"/><ns2:subClassOf rdf:resource="http://ncbi.nlm.nih.gov/taxonomy/30587"/></rdf:Description><rdf:Description rdf:about="#ou442"><ns1:rank rdf:resource="http://rs.tdwg.org/ontology/voc/TaxonRank#Species"/><ns2:subClassOf rdf:resource="http://ncbi.nlm.nih.gov/taxonomy/13038"/><ns1:toTaxon rdf:resource="http://ncbi.nlm.nih.gov/taxonomy/31869"/></rdf:Description><rdf:Description rdf:about="#ou594"><ns1:rank rdf:resource="http://rs.tdwg.org/ontology/voc/TaxonRank#Species"/><ns1:toTaxon rdf:resource="http://ncbi.nlm.nih.gov/taxonomy/54601"/><ns2:subClassOf rdf:resource="http://ncbi.nlm.nih.gov/taxonomy/9539"/></rdf:Description><rdf:Description rdf:about="#ou482"><ns1:toTaxon rdf:resource="http://ncbi.nlm.nih.gov/taxonomy/47180"/><ns2:subClassOf rdf:resource="http://ncbi.nlm.nih.gov/taxonomy/83691"/><ns1:rank rdf:resource="http://rs.tdwg.org/ontology/voc/TaxonRank#Species"/></rdf:Description><rdf:Description rdf:about="#ou618"><ns2:subClassOf rdf:resource="http://ncbi.nlm.nih.gov/taxonomy/542827"/><ns1:toTaxon rdf:resource="http://ncbi.nlm.nih.gov/taxonomy/61621"/><ns1:rank rdf:resource="http://rs.tdwg.org/ontology/voc/TaxonRank#Species"/></rdf:Description><rdf:Description rdf:about="#ou751"><ns1:toTaxon rdf:resource="http://ncbi.nlm.nih.gov/taxonomy/9504"/><ns1:rank rdf:resource="http://rs.tdwg.org/ontology/voc/TaxonRank#Genus"/><ns2:subClassOf rdf:resource="http://ncbi.nlm.nih.gov/taxonomy/376918"/></rdf:Description><rdf:Description rdf:about="#ou472"><ns2:subClassOf rdf:resource="http://ncbi.nlm.nih.gov/taxonomy/9592"/><ns1:toTaxon rdf:resource="http://ncbi.nlm.nih.gov/taxonomy/9593"/><ns1:rank rdf:resource="http://rs.tdwg.org/ontology/voc/TaxonRank#Species"/></rdf:Description><rdf:Description rdf:about="#ou1470"><ns1:toTaxon rdf:resource="http://ncbi.nlm.nih.gov/taxonomy/9471"/><ns2:subClassOf rdf:resource="http://ncbi.nlm.nih.gov/taxonomy/9461"/><ns1:rank rdf:resource="http://rs.tdwg.org/ontology/voc/TaxonRank#Genus"/></rdf:Description><rdf:Description rdf:about="#ou638"><ns1:toTaxon rdf:resource="http://ncbi.nlm.nih.gov/taxonomy/9544"/><ns2:subClassOf rdf:resource="http://ncbi.nlm.nih.gov/taxonomy/9539"/><ns1:rank rdf:resource="http://rs.tdwg.org/ontology/voc/TaxonRank#Species"/></rdf:Description><rdf:Description rdf:about="#ou480"><ns1:rank rdf:resource="http://rs.tdwg.org/ontology/voc/TaxonRank#Species"/><ns2:subClassOf rdf:resource="http://ncbi.nlm.nih.gov/taxonomy/9454"/><ns1:toTaxon rdf:resource="http://ncbi.nlm.nih.gov/taxonomy/9455"/></rdf:Description><rdf:Description rdf:about="#ou1508"><ns1:rank rdf:resource="http://rs.tdwg.org/ontology/voc/TaxonRank#Genus"/><ns2:subClassOf rdf:resource="http://ncbi.nlm.nih.gov/taxonomy/9569"/><ns1:toTaxon rdf:resource="http://ncbi.nlm.nih.gov/taxonomy/9573"/></rdf:Description><rdf:Description rdf:about="#ou625"><ns2:subClassOf rdf:resource="http://ncbi.nlm.nih.gov/taxonomy/9533"/><ns1:rank rdf:resource="http://rs.tdwg.org/ontology/voc/TaxonRank#Species"/><ns1:toTaxon rdf:resource="http://ncbi.nlm.nih.gov/taxonomy/100224"/></rdf:Description><rdf:Description rdf:about="#ou802"><ns1:toTaxon rdf:resource="http://ncbi.nlm.nih.gov/taxonomy/9506"/><ns2:subClassOf rdf:resource="http://ncbi.nlm.nih.gov/taxonomy/38068"/><ns1:rank rdf:resource="http://rs.tdwg.org/ontology/voc/TaxonRank#Genus"/></rdf:Description><rdf:Description rdf:about="#ou573"><ns2:subClassOf rdf:resource="http://ncbi.nlm.nih.gov/taxonomy/30597"/><ns1:rank rdf:resource="http://rs.tdwg.org/ontology/voc/TaxonRank#Species"/></rdf:Description><rdf:Description rdf:about="#ou481"><ns2:subClassOf rdf:resource="http://ncbi.nlm.nih.gov/taxonomy/30600"/><ns1:toTaxon rdf:resource="http://ncbi.nlm.nih.gov/taxonomy/83281"/><ns1:rank rdf:resource="http://rs.tdwg.org/ontology/voc/TaxonRank#Species"/></rdf:Description><rdf:Description rdf:about="#ou840"><ns2:subClassOf rdf:resource="http://ncbi.nlm.nih.gov/taxonomy/38068"/><ns1:toTaxon rdf:resource="http://ncbi.nlm.nih.gov/taxonomy/30593"/><ns1:rank rdf:resource="http://rs.tdwg.org/ontology/voc/TaxonRank#Genus"/></rdf:Description><rdf:Description rdf:about="#ou1385"><ns1:toTaxon rdf:resource="http://ncbi.nlm.nih.gov/taxonomy/9567"/><ns1:rank rdf:resource="http://rs.tdwg.org/ontology/voc/TaxonRank#Genus"/><ns2:subClassOf rdf:resource="http://ncbi.nlm.nih.gov/taxonomy/9528"/></rdf:Description><rdf:Description rdf:about="#ou659"><ns1:toTaxon rdf:resource="http://ncbi.nlm.nih.gov/taxonomy/36223"/><ns1:rank rdf:resource="http://rs.tdwg.org/ontology/voc/TaxonRank#Species"/><ns2:subClassOf rdf:resource="http://ncbi.nlm.nih.gov/taxonomy/9533"/></rdf:Description><rdf:Description rdf:about="#ou1259"><ns2:subClassOf rdf:resource="http://ncbi.nlm.nih.gov/taxonomy/30599"/><ns1:rank rdf:resource="http://rs.tdwg.org/ontology/voc/TaxonRank#Genus"/><ns1:toTaxon rdf:resource="http://ncbi.nlm.nih.gov/taxonomy/34826"/></rdf:Description><rdf:Description rdf:about="#ou506"><ns2:subClassOf rdf:resource="http://ncbi.nlm.nih.gov/taxonomy/13149"/><ns1:rank rdf:resource="http://rs.tdwg.org/ontology/voc/TaxonRank#Species"/><ns1:toTaxon rdf:resource="http://ncbi.nlm.nih.gov/taxonomy/30608"/></rdf:Description><rdf:Description rdf:about="#ou1227"><ns1:rank rdf:resource="http://rs.tdwg.org/ontology/voc/TaxonRank#Genus"/><ns2:subClassOf rdf:resource="http://ncbi.nlm.nih.gov/taxonomy/9577"/><ns1:toTaxon rdf:resource="http://ncbi.nlm.nih.gov/taxonomy/325167"/></rdf:Description><rdf:Description rdf:about="#ou578"><ns1:rank rdf:resource="http://rs.tdwg.org/ontology/voc/TaxonRank#Species"/><ns2:subClassOf rdf:resource="http://ncbi.nlm.nih.gov/taxonomy/9499"/><ns1:toTaxon rdf:resource="http://ncbi.nlm.nih.gov/taxonomy/30590"/></rdf:Description><rdf:Description rdf:about="#ou530"><ns2:subClassOf rdf:resource="http://ncbi.nlm.nih.gov/taxonomy/591932"/><ns1:toTaxon rdf:resource="http://ncbi.nlm.nih.gov/taxonomy/164648"/><ns1:rank rdf:resource="http://rs.tdwg.org/ontology/voc/TaxonRank#Species"/></rdf:Description><rdf:Description rdf:about="#ou566"><ns1:toTaxon rdf:resource="http://ncbi.nlm.nih.gov/taxonomy/9538"/><ns1:rank rdf:resource="http://rs.tdwg.org/ontology/voc/TaxonRank#Species"/><ns2:subClassOf rdf:resource="http://ncbi.nlm.nih.gov/taxonomy/9537"/></rdf:Description><rdf:Description rdf:about="#ou1167"><ns2:subClassOf rdf:resource="http://ncbi.nlm.nih.gov/taxonomy/9604"/><ns1:rank rdf:resource="http://rs.tdwg.org/ontology/voc/TaxonRank#Subfamily"/><ns1:toTaxon rdf:resource="http://ncbi.nlm.nih.gov/taxonomy/207598"/></rdf:Description><rdf:Description rdf:about="#ou492"><ns1:toTaxon rdf:resource="http://ncbi.nlm.nih.gov/taxonomy/9606"/><ns2:subClassOf rdf:resource="http://ncbi.nlm.nih.gov/taxonomy/9605"/><ns1:rank rdf:resource="http://rs.tdwg.org/ontology/voc/TaxonRank#Species"/></rdf:Description><rdf:Description rdf:about="#ou449"><ns1:toTaxon rdf:resource="http://ncbi.nlm.nih.gov/taxonomy/9468"/><ns2:subClassOf rdf:resource="http://ncbi.nlm.nih.gov/taxonomy/9467"/><ns1:rank rdf:resource="http://rs.tdwg.org/ontology/voc/TaxonRank#Species"/></rdf:Description><rdf:Description rdf:about="#ou499"><ns2:subClassOf rdf:resource="http://ncbi.nlm.nih.gov/taxonomy/9539"/><ns1:rank rdf:resource="http://rs.tdwg.org/ontology/voc/TaxonRank#Species"/><ns1:toTaxon rdf:resource="http://ncbi.nlm.nih.gov/taxonomy/9546"/></rdf:Description><rdf:Description rdf:about="#ou548"><ns1:rank rdf:resource="http://rs.tdwg.org/ontology/voc/TaxonRank#Species"/><ns2:subClassOf rdf:resource="http://ncbi.nlm.nih.gov/taxonomy/9504"/></rdf:Description><rdf:Description rdf:about="#ou729"><ns2:subClassOf rdf:resource="http://ncbi.nlm.nih.gov/taxonomy/314293"/><ns1:toTaxon rdf:resource="http://ncbi.nlm.nih.gov/taxonomy/9479"/><ns1:rank rdf:resource="http://rs.tdwg.org/ontology/voc/TaxonRank#Parvorder"/></rdf:Description><rdf:Description rdf:about="#ou630"><ns1:toTaxon rdf:resource="http://ncbi.nlm.nih.gov/taxonomy/9489"/><ns2:subClassOf rdf:resource="http://ncbi.nlm.nih.gov/taxonomy/9486"/><ns1:rank rdf:resource="http://rs.tdwg.org/ontology/voc/TaxonRank#Species"/></rdf:Description><rdf:Description rdf:about="#ou612"><ns1:toTaxon rdf:resource="http://ncbi.nlm.nih.gov/taxonomy/1079039"/><ns1:rank rdf:resource="http://rs.tdwg.org/ontology/voc/TaxonRank#Species"/><ns2:subClassOf rdf:resource="http://ncbi.nlm.nih.gov/taxonomy/9486"/></rdf:Description><rdf:Description rdf:about="#ou458"><ns1:rank rdf:resource="http://rs.tdwg.org/ontology/voc/TaxonRank#Species"/><ns1:toTaxon rdf:resource="http://ncbi.nlm.nih.gov/taxonomy/101278"/><ns2:subClassOf rdf:resource="http://ncbi.nlm.nih.gov/taxonomy/9469"/></rdf:Description><rdf:Description rdf:about="#ou614"><ns1:toTaxon rdf:resource="http://ncbi.nlm.nih.gov/taxonomy/54137"/><ns2:subClassOf rdf:resource="http://ncbi.nlm.nih.gov/taxonomy/54136"/><ns1:rank rdf:resource="http://rs.tdwg.org/ontology/voc/TaxonRank#Species"/></rdf:Description><rdf:Description rdf:about="#ou537"><ns1:toTaxon rdf:resource="http://ncbi.nlm.nih.gov/taxonomy/34828"/><ns2:subClassOf rdf:resource="http://ncbi.nlm.nih.gov/taxonomy/13513"/><ns1:rank rdf:resource="http://rs.tdwg.org/ontology/voc/TaxonRank#Species"/></rdf:Description><rdf:Description rdf:about="#ou518"><ns1:rank rdf:resource="http://rs.tdwg.org/ontology/voc/TaxonRank#Species"/><ns2:subClassOf rdf:resource="http://ncbi.nlm.nih.gov/taxonomy/9518"/></rdf:Description><rdf:Description rdf:about="#ou947"><ns1:toTaxon rdf:resource="http://ncbi.nlm.nih.gov/taxonomy/38070"/><ns1:rank rdf:resource="http://rs.tdwg.org/ontology/voc/TaxonRank#Subfamily"/><ns2:subClassOf rdf:resource="http://ncbi.nlm.nih.gov/taxonomy/9498"/></rdf:Description><rdf:Description rdf:about="#ou470"><ns1:toTaxon rdf:resource="http://ncbi.nlm.nih.gov/taxonomy/27679"/><ns1:rank rdf:resource="http://rs.tdwg.org/ontology/voc/TaxonRank#Species"/><ns2:subClassOf rdf:resource="http://ncbi.nlm.nih.gov/taxonomy/9520"/></rdf:Description><rdf:Description rdf:about="#ou450"><ns2:subClassOf rdf:resource="http://ncbi.nlm.nih.gov/taxonomy/261733"/><ns1:rank rdf:resource="http://rs.tdwg.org/ontology/voc/TaxonRank#Species"/><ns1:toTaxon rdf:resource="http://ncbi.nlm.nih.gov/taxonomy/261734"/></rdf:Description><rdf:Description rdf:about="#ou583"><ns1:rank rdf:resource="http://rs.tdwg.org/ontology/voc/TaxonRank#Species"/><ns2:subClassOf rdf:resource="http://ncbi.nlm.nih.gov/taxonomy/9481"/><ns1:toTaxon rdf:resource="http://ncbi.nlm.nih.gov/taxonomy/57375"/></rdf:Description><rdf:Description rdf:about="#ou1273"><ns2:subClassOf rdf:resource="http://ncbi.nlm.nih.gov/taxonomy/9445"/><ns1:rank rdf:resource="http://rs.tdwg.org/ontology/voc/TaxonRank#Genus"/><ns1:toTaxon rdf:resource="http://ncbi.nlm.nih.gov/taxonomy/9446"/></rdf:Description><rdf:Description rdf:about="#ou448"><ns2:subClassOf rdf:resource="http://ncbi.nlm.nih.gov/taxonomy/261738"/><ns1:toTaxon rdf:resource="http://ncbi.nlm.nih.gov/taxonomy/261739"/><ns1:rank rdf:resource="http://rs.tdwg.org/ontology/voc/TaxonRank#Species"/></rdf:Description><rdf:Description rdf:about="#ou1665"><ns2:subClassOf rdf:resource="http://ncbi.nlm.nih.gov/taxonomy/9528"/><ns1:toTaxon rdf:resource="http://ncbi.nlm.nih.gov/taxonomy/9564"/><ns1:rank rdf:resource="http://rs.tdwg.org/ontology/voc/TaxonRank#Genus"/></rdf:Description><rdf:Description rdf:about="#ou1433"><ns1:rank rdf:resource="http://rs.tdwg.org/ontology/voc/TaxonRank#Genus"/><ns2:subClassOf rdf:resource="http://ncbi.nlm.nih.gov/taxonomy/9461"/><ns1:toTaxon rdf:resource="http://ncbi.nlm.nih.gov/taxonomy/9469"/></rdf:Description><rdf:Description rdf:about="#ou592"><ns1:rank rdf:resource="http://rs.tdwg.org/ontology/voc/TaxonRank#Species"/><ns2:subClassOf rdf:resource="http://ncbi.nlm.nih.gov/taxonomy/9573"/><ns1:toTaxon rdf:resource="http://ncbi.nlm.nih.gov/taxonomy/78452"/></rdf:Description><rdf:Description rdf:about="#ou581"><ns2:subClassOf rdf:resource="http://ncbi.nlm.nih.gov/taxonomy/9481"/><ns1:toTaxon rdf:resource="http://ncbi.nlm.nih.gov/taxonomy/9482"/><ns1:rank rdf:resource="http://rs.tdwg.org/ontology/voc/TaxonRank#Species"/></rdf:Description><rdf:Description rdf:about="#ou477"><ns2:subClassOf rdf:resource="http://ncbi.nlm.nih.gov/taxonomy/9462"/><ns1:toTaxon rdf:resource="http://ncbi.nlm.nih.gov/taxonomy/30609"/><ns1:rank rdf:resource="http://rs.tdwg.org/ontology/voc/TaxonRank#Species"/></rdf:Description><rdf:Description rdf:about="#ou1182"><ns1:rank rdf:resource="http://rs.tdwg.org/ontology/voc/TaxonRank#Genus"/><ns1:toTaxon rdf:resource="http://ncbi.nlm.nih.gov/taxonomy/13556"/><ns2:subClassOf rdf:resource="http://ncbi.nlm.nih.gov/taxonomy/9445"/></rdf:Description><rdf:Description rdf:about="#ou508"><ns1:rank rdf:resource="http://rs.tdwg.org/ontology/voc/TaxonRank#Species"/><ns2:subClassOf rdf:resource="http://ncbi.nlm.nih.gov/taxonomy/9524"/><ns1:toTaxon rdf:resource="http://ncbi.nlm.nih.gov/taxonomy/198627"/></rdf:Description><rdf:Description rdf:about="#ou654"><ns1:toTaxon rdf:resource="http://ncbi.nlm.nih.gov/taxonomy/36225"/><ns2:subClassOf rdf:resource="http://ncbi.nlm.nih.gov/taxonomy/9533"/><ns1:rank rdf:resource="http://rs.tdwg.org/ontology/voc/TaxonRank#Species"/></rdf:Description><rdf:Description rdf:about="#ou454"><ns2:subClassOf rdf:resource="http://ncbi.nlm.nih.gov/taxonomy/89671"/><ns1:toTaxon rdf:resource="http://ncbi.nlm.nih.gov/taxonomy/89672"/><ns1:rank rdf:resource="http://rs.tdwg.org/ontology/voc/TaxonRank#Species"/></rdf:Description><rdf:Description rdf:about="#ou641"><ns1:toTaxon rdf:resource="http://ncbi.nlm.nih.gov/taxonomy/122388"/><ns1:rank rdf:resource="http://rs.tdwg.org/ontology/voc/TaxonRank#Species"/><ns2:subClassOf rdf:resource="http://ncbi.nlm.nih.gov/taxonomy/9486"/></rdf:Description><rdf:Description rdf:about="#ou555"><ns1:rank rdf:resource="http://rs.tdwg.org/ontology/voc/TaxonRank#Species"/><ns1:toTaxon rdf:resource="http://ncbi.nlm.nih.gov/taxonomy/81572"/><ns2:subClassOf rdf:resource="http://ncbi.nlm.nih.gov/taxonomy/9578"/></rdf:Description><rdf:Description rdf:about="#ou1100"><ns1:rank rdf:resource="http://rs.tdwg.org/ontology/voc/TaxonRank#Family"/><ns2:subClassOf rdf:resource="http://ncbi.nlm.nih.gov/taxonomy/376915"/><ns1:toTaxon rdf:resource="http://ncbi.nlm.nih.gov/taxonomy/9445"/></rdf:Description><rdf:Description rdf:about="#ou1637"><ns2:subClassOf rdf:resource="http://ncbi.nlm.nih.gov/taxonomy/9569"/><ns1:rank rdf:resource="http://rs.tdwg.org/ontology/voc/TaxonRank#Genus"/><ns1:toTaxon rdf:resource="http://ncbi.nlm.nih.gov/taxonomy/88028"/></rdf:Description><rdf:Description rdf:about="#ou582"><ns1:rank rdf:resource="http://rs.tdwg.org/ontology/voc/TaxonRank#Species"/><ns1:toTaxon rdf:resource="http://ncbi.nlm.nih.gov/taxonomy/1346251"/><ns2:subClassOf rdf:resource="http://ncbi.nlm.nih.gov/taxonomy/9481"/></rdf:Description><rdf:Description rdf:about="#ou535"><ns1:rank rdf:resource="http://rs.tdwg.org/ontology/voc/TaxonRank#Species"/><ns1:toTaxon rdf:resource="http://ncbi.nlm.nih.gov/taxonomy/122222"/><ns2:subClassOf rdf:resource="http://ncbi.nlm.nih.gov/taxonomy/13556"/></rdf:Description><rdf:Description rdf:about="#ou589"><ns1:toTaxon rdf:resource="http://ncbi.nlm.nih.gov/taxonomy/9579"/><ns1:rank rdf:resource="http://rs.tdwg.org/ontology/voc/TaxonRank#Species"/><ns2:subClassOf rdf:resource="http://ncbi.nlm.nih.gov/taxonomy/9578"/></rdf:Description><rdf:Description rdf:about="#ou1577"><ns1:toTaxon rdf:resource="http://ncbi.nlm.nih.gov/taxonomy/9486"/><ns2:subClassOf rdf:resource="http://ncbi.nlm.nih.gov/taxonomy/9480"/><ns1:rank rdf:resource="http://rs.tdwg.org/ontology/voc/TaxonRank#Genus"/></rdf:Description><rdf:Description rdf:about="#ou483"><ns2:subClassOf rdf:resource="http://ncbi.nlm.nih.gov/taxonomy/30597"/><ns1:toTaxon rdf:resource="http://ncbi.nlm.nih.gov/taxonomy/43777"/><ns1:rank rdf:resource="http://rs.tdwg.org/ontology/voc/TaxonRank#Species"/></rdf:Description><rdf:Description rdf:about="#ou504"><ns1:toTaxon rdf:resource="http://ncbi.nlm.nih.gov/taxonomy/30601"/><ns1:rank rdf:resource="http://rs.tdwg.org/ontology/voc/TaxonRank#Species"/><ns2:subClassOf rdf:resource="http://ncbi.nlm.nih.gov/taxonomy/30600"/></rdf:Description><rdf:Description rdf:about="#ou529"><ns1:rank rdf:resource="http://rs.tdwg.org/ontology/voc/TaxonRank#Species"/><ns2:subClassOf rdf:resource="http://ncbi.nlm.nih.gov/taxonomy/164647"/></rdf:Description><rdf:Description rdf:about="#ou1127"><ns1:rank rdf:resource="http://rs.tdwg.org/ontology/voc/TaxonRank#Infraorder"/><ns1:toTaxon rdf:resource="http://ncbi.nlm.nih.gov/taxonomy/376917"/><ns2:subClassOf rdf:resource="http://ncbi.nlm.nih.gov/taxonomy/376911"/></rdf:Description><rdf:Description rdf:about="#ou1621"><ns2:subClassOf rdf:resource="http://ncbi.nlm.nih.gov/taxonomy/9498"/><ns1:rank rdf:resource="http://rs.tdwg.org/ontology/voc/TaxonRank#Subfamily"/><ns1:toTaxon rdf:resource="http://ncbi.nlm.nih.gov/taxonomy/378850"/></rdf:Description><rdf:Description rdf:about="#ou590"><ns1:toTaxon rdf:resource="http://ncbi.nlm.nih.gov/taxonomy/164650"/><ns2:subClassOf rdf:resource="http://ncbi.nlm.nih.gov/taxonomy/54136"/><ns1:rank rdf:resource="http://rs.tdwg.org/ontology/voc/TaxonRank#Species"/></rdf:Description><rdf:Description rdf:about="#ou580"><ns1:toTaxon rdf:resource="http://ncbi.nlm.nih.gov/taxonomy/52232"/><ns1:rank rdf:resource="http://rs.tdwg.org/ontology/voc/TaxonRank#Species"/><ns2:subClassOf rdf:resource="http://ncbi.nlm.nih.gov/taxonomy/9481"/></rdf:Description><rdf:Description rdf:about="#ou628"><ns2:subClassOf rdf:resource="http://ncbi.nlm.nih.gov/taxonomy/9486"/><ns1:rank rdf:resource="http://rs.tdwg.org/ontology/voc/TaxonRank#Species"/><ns1:toTaxon rdf:resource="http://ncbi.nlm.nih.gov/taxonomy/9488"/></rdf:Description><rdf:Description rdf:about="#ou491"><ns1:toTaxon rdf:resource="http://ncbi.nlm.nih.gov/taxonomy/9495"/><ns2:subClassOf rdf:resource="http://ncbi.nlm.nih.gov/taxonomy/9494"/><ns1:rank rdf:resource="http://rs.tdwg.org/ontology/voc/TaxonRank#Species"/></rdf:Description><rdf:Description rdf:about="#ou502"><ns1:toTaxon rdf:resource="http://ncbi.nlm.nih.gov/taxonomy/1328070"/><ns2:subClassOf rdf:resource="http://ncbi.nlm.nih.gov/taxonomy/1328069"/><ns1:rank rdf:resource="http://rs.tdwg.org/ontology/voc/TaxonRank#Species"/></rdf:Description><rdf:Description rdf:about="#ou567"><ns1:rank rdf:resource="http://rs.tdwg.org/ontology/voc/TaxonRank#Species"/><ns2:subClassOf rdf:resource="http://ncbi.nlm.nih.gov/taxonomy/392815"/><ns1:toTaxon rdf:resource="http://ncbi.nlm.nih.gov/taxonomy/9534"/></rdf:Description><rdf:Description rdf:about="#ou1293"><ns2:subClassOf rdf:resource="http://ncbi.nlm.nih.gov/taxonomy/30614"/><ns1:rank rdf:resource="http://rs.tdwg.org/ontology/voc/TaxonRank#Genus"/><ns1:toTaxon rdf:resource="http://ncbi.nlm.nih.gov/taxonomy/9452"/></rdf:Description><rdf:Description rdf:about="#ou528"><ns1:toTaxon rdf:resource="http://ncbi.nlm.nih.gov/taxonomy/54133"/><ns1:rank rdf:resource="http://rs.tdwg.org/ontology/voc/TaxonRank#Species"/><ns2:subClassOf rdf:resource="http://ncbi.nlm.nih.gov/taxonomy/54132"/></rdf:Description><rdf:Description rdf:about="#ou1402"><ns1:rank rdf:resource="http://rs.tdwg.org/ontology/voc/TaxonRank#Genus"/><ns1:toTaxon rdf:resource="http://ncbi.nlm.nih.gov/taxonomy/13149"/><ns2:subClassOf rdf:resource="http://ncbi.nlm.nih.gov/taxonomy/30615"/></rdf:Description><rdf:Description rdf:about="#ou476"><ns1:rank rdf:resource="http://rs.tdwg.org/ontology/voc/TaxonRank#Species"/><ns2:subClassOf rdf:resource="http://ncbi.nlm.nih.gov/taxonomy/9462"/><ns1:toTaxon rdf:resource="http://ncbi.nlm.nih.gov/taxonomy/9465"/></rdf:Description><rdf:Description rdf:about="#ou479"><ns1:rank rdf:resource="http://rs.tdwg.org/ontology/voc/TaxonRank#Species"/><ns1:toTaxon rdf:resource="http://ncbi.nlm.nih.gov/taxonomy/9447"/><ns2:subClassOf rdf:resource="http://ncbi.nlm.nih.gov/taxonomy/9446"/></rdf:Description><rdf:Description rdf:about="#ou619"><ns2:subClassOf rdf:resource="http://ncbi.nlm.nih.gov/taxonomy/9539"/><ns1:rank rdf:resource="http://rs.tdwg.org/ontology/voc/TaxonRank#Species"/><ns1:toTaxon rdf:resource="http://ncbi.nlm.nih.gov/taxonomy/40843"/></rdf:Description><rdf:Description rdf:about="#ou637"><ns1:toTaxon rdf:resource="http://ncbi.nlm.nih.gov/taxonomy/9552"/><ns2:subClassOf rdf:resource="http://ncbi.nlm.nih.gov/taxonomy/9539"/><ns1:rank rdf:resource="http://rs.tdwg.org/ontology/voc/TaxonRank#Species"/></rdf:Description><rdf:Description rdf:about="#ou571"><ns1:rank rdf:resource="http://rs.tdwg.org/ontology/voc/TaxonRank#Species"/><ns2:subClassOf rdf:resource="http://ncbi.nlm.nih.gov/taxonomy/13513"/><ns1:toTaxon rdf:resource="http://ncbi.nlm.nih.gov/taxonomy/13515"/></rdf:Description><rdf:Description rdf:about="#ou545"><ns1:toTaxon rdf:resource="http://ncbi.nlm.nih.gov/taxonomy/9508"/><ns2:subClassOf rdf:resource="http://ncbi.nlm.nih.gov/taxonomy/9506"/><ns1:rank rdf:resource="http://rs.tdwg.org/ontology/voc/TaxonRank#Species"/></rdf:Description><rdf:Description rdf:about="#ou465"><ns1:rank rdf:resource="http://rs.tdwg.org/ontology/voc/TaxonRank#Species"/><ns2:subClassOf rdf:resource="http://ncbi.nlm.nih.gov/taxonomy/122247"/><ns1:toTaxon rdf:resource="http://ncbi.nlm.nih.gov/taxonomy/122248"/></rdf:Description><rdf:Description rdf:about="#ou568"><ns1:toTaxon rdf:resource="http://ncbi.nlm.nih.gov/taxonomy/122230"/><ns2:subClassOf rdf:resource="http://ncbi.nlm.nih.gov/taxonomy/9452"/><ns1:rank rdf:resource="http://rs.tdwg.org/ontology/voc/TaxonRank#Species"/></rdf:Description><rdf:Description rdf:about="#ou1119"><ns1:toTaxon rdf:resource="http://ncbi.nlm.nih.gov/taxonomy/261735"/><ns2:subClassOf rdf:resource="http://ncbi.nlm.nih.gov/taxonomy/40297"/><ns1:rank rdf:resource="http://rs.tdwg.org/ontology/voc/TaxonRank#Genus"/></rdf:Description><rdf:Description rdf:about="#ou833"><ns2:subClassOf rdf:resource="http://ncbi.nlm.nih.gov/taxonomy/376915"/><ns1:toTaxon rdf:resource="http://ncbi.nlm.nih.gov/taxonomy/30599"/><ns1:rank rdf:resource="http://rs.tdwg.org/ontology/voc/TaxonRank#Family"/></rdf:Description><rdf:Description rdf:about="#ou865"><ns1:rank rdf:resource="http://rs.tdwg.org/ontology/voc/TaxonRank#Genus"/><ns1:toTaxon rdf:resource="http://ncbi.nlm.nih.gov/taxonomy/9522"/><ns2:subClassOf rdf:resource="http://ncbi.nlm.nih.gov/taxonomy/38069"/></rdf:Description><rdf:Description rdf:about="#ou1058"><ns1:toTaxon rdf:resource="http://ncbi.nlm.nih.gov/taxonomy/9570"/><ns1:rank rdf:resource="http://rs.tdwg.org/ontology/voc/TaxonRank#Genus"/><ns2:subClassOf rdf:resource="http://ncbi.nlm.nih.gov/taxonomy/9569"/></rdf:Description><rdf:Description rdf:about="#ou570"><ns2:subClassOf rdf:resource="http://ncbi.nlm.nih.gov/taxonomy/13513"/><ns1:rank rdf:resource="http://rs.tdwg.org/ontology/voc/TaxonRank#Species"/><ns1:toTaxon rdf:resource="http://ncbi.nlm.nih.gov/taxonomy/30602"/></rdf:Description><rdf:Description rdf:about="#ou973"><ns2:subClassOf rdf:resource="http://ncbi.nlm.nih.gov/taxonomy/9528"/><ns1:toTaxon rdf:resource="http://ncbi.nlm.nih.gov/taxonomy/9533"/><ns1:rank rdf:resource="http://rs.tdwg.org/ontology/voc/TaxonRank#Genus"/></rdf:Description><rdf:Description rdf:about="#ou577"><ns1:toTaxon rdf:resource="http://ncbi.nlm.nih.gov/taxonomy/9503"/><ns1:rank rdf:resource="http://rs.tdwg.org/ontology/voc/TaxonRank#Species"/><ns2:subClassOf rdf:resource="http://ncbi.nlm.nih.gov/taxonomy/9499"/></rdf:Description><rdf:Description rdf:about="#ou702"><ns2:subClassOf rdf:resource="http://ncbi.nlm.nih.gov/taxonomy/376915"/><ns1:rank rdf:resource="http://rs.tdwg.org/ontology/voc/TaxonRank#Family"/><ns1:toTaxon rdf:resource="http://ncbi.nlm.nih.gov/taxonomy/30615"/></rdf:Description><rdf:Description rdf:about="#ou488"><ns2:subClassOf rdf:resource="http://ncbi.nlm.nih.gov/taxonomy/9513"/><ns1:toTaxon rdf:resource="http://ncbi.nlm.nih.gov/taxonomy/9516"/><ns1:rank rdf:resource="http://rs.tdwg.org/ontology/voc/TaxonRank#Species"/></rdf:Description><rdf:Description rdf:about="#ou633"><ns1:toTaxon rdf:resource="http://ncbi.nlm.nih.gov/taxonomy/78451"/><ns1:rank rdf:resource="http://rs.tdwg.org/ontology/voc/TaxonRank#Species"/><ns2:subClassOf rdf:resource="http://ncbi.nlm.nih.gov/taxonomy/9573"/></rdf:Description><rdf:Description rdf:about="#ou526"><ns1:rank rdf:resource="http://rs.tdwg.org/ontology/voc/TaxonRank#Species"/><ns2:subClassOf rdf:resource="http://ncbi.nlm.nih.gov/taxonomy/325165"/><ns1:toTaxon rdf:resource="http://ncbi.nlm.nih.gov/taxonomy/61853"/></rdf:Description><rdf:Description rdf:about="#ou452"><ns1:toTaxon rdf:resource="http://ncbi.nlm.nih.gov/taxonomy/261736"/><ns1:rank rdf:resource="http://rs.tdwg.org/ontology/voc/TaxonRank#Species"/><ns2:subClassOf rdf:resource="http://ncbi.nlm.nih.gov/taxonomy/261735"/></rdf:Description><rdf:Description rdf:about="#ou636"><ns2:subClassOf rdf:resource="http://ncbi.nlm.nih.gov/taxonomy/9539"/><ns1:toTaxon rdf:resource="http://ncbi.nlm.nih.gov/taxonomy/54602"/><ns1:rank rdf:resource="http://rs.tdwg.org/ontology/voc/TaxonRank#Species"/></rdf:Description><rdf:Description rdf:about="#ou575"><ns2:subClassOf rdf:resource="http://ncbi.nlm.nih.gov/taxonomy/9522"/><ns1:rank rdf:resource="http://rs.tdwg.org/ontology/voc/TaxonRank#Species"/></rdf:Description><rdf:Description rdf:about="#ou657"><ns2:subClassOf rdf:resource="http://ncbi.nlm.nih.gov/taxonomy/9533"/><ns1:rank rdf:resource="http://rs.tdwg.org/ontology/voc/TaxonRank#Species"/><ns1:toTaxon rdf:resource="http://ncbi.nlm.nih.gov/taxonomy/161496"/></rdf:Description><rdf:Description rdf:about="#ou1082"><ns1:rank rdf:resource="http://rs.tdwg.org/ontology/voc/TaxonRank#Family"/><ns2:subClassOf rdf:resource="http://ncbi.nlm.nih.gov/taxonomy/376916"/><ns1:toTaxon rdf:resource="http://ncbi.nlm.nih.gov/taxonomy/30613"/></rdf:Description><rdf:Description rdf:about="#ou524"><ns2:subClassOf rdf:resource="http://ncbi.nlm.nih.gov/taxonomy/9596"/><ns1:rank rdf:resource="http://rs.tdwg.org/ontology/voc/TaxonRank#Species"/><ns1:toTaxon rdf:resource="http://ncbi.nlm.nih.gov/taxonomy/9598"/></rdf:Description><rdf:Description rdf:about="#ou698"><ns1:toTaxon rdf:resource="http://ncbi.nlm.nih.gov/taxonomy/122247"/><ns1:rank rdf:resource="http://rs.tdwg.org/ontology/voc/TaxonRank#Genus"/><ns2:subClassOf rdf:resource="http://ncbi.nlm.nih.gov/taxonomy/30615"/></rdf:Description><rdf:Description rdf:about="#ou1280"><ns1:toTaxon rdf:resource="http://ncbi.nlm.nih.gov/taxonomy/30587"/><ns1:rank rdf:resource="http://rs.tdwg.org/ontology/voc/TaxonRank#Genus"/><ns2:subClassOf rdf:resource="http://ncbi.nlm.nih.gov/taxonomy/9480"/></rdf:Description><rdf:Description rdf:about="#ou1501"><ns1:toTaxon rdf:resource="http://ncbi.nlm.nih.gov/taxonomy/607660"/><ns1:rank rdf:resource="http://rs.tdwg.org/ontology/voc/TaxonRank#Subfamily"/><ns2:subClassOf rdf:resource="http://ncbi.nlm.nih.gov/taxonomy/9604"/></rdf:Description><rdf:Description rdf:about="#ou514"><ns2:subClassOf rdf:resource="http://ncbi.nlm.nih.gov/taxonomy/9499"/><ns1:toTaxon rdf:resource="http://ncbi.nlm.nih.gov/taxonomy/182253"/><ns1:rank rdf:resource="http://rs.tdwg.org/ontology/voc/TaxonRank#Species"/></rdf:Description><rdf:Description rdf:about="#ou523"><ns1:toTaxon rdf:resource="http://ncbi.nlm.nih.gov/taxonomy/57374"/><ns2:subClassOf rdf:resource="http://ncbi.nlm.nih.gov/taxonomy/30587"/><ns1:rank rdf:resource="http://rs.tdwg.org/ontology/voc/TaxonRank#Species"/></rdf:Description><rdf:Description rdf:about="#ou755"><ns1:toTaxon rdf:resource="http://ncbi.nlm.nih.gov/taxonomy/376918"/><ns1:rank rdf:resource="http://rs.tdwg.org/ontology/voc/TaxonRank#Family"/><ns2:subClassOf rdf:resource="http://ncbi.nlm.nih.gov/taxonomy/9479"/></rdf:Description><rdf:Description rdf:about="#ou1554"><ns2:subClassOf rdf:resource="http://ncbi.nlm.nih.gov/taxonomy/9569"/><ns1:toTaxon rdf:resource="http://ncbi.nlm.nih.gov/taxonomy/542827"/><ns1:rank rdf:resource="http://rs.tdwg.org/ontology/voc/TaxonRank#Genus"/></rdf:Description><rdf:Description rdf:about="#ou642"><ns2:subClassOf rdf:resource="http://ncbi.nlm.nih.gov/taxonomy/9486"/><ns1:rank rdf:resource="http://rs.tdwg.org/ontology/voc/TaxonRank#Species"/><ns1:toTaxon rdf:resource="http://ncbi.nlm.nih.gov/taxonomy/9487"/></rdf:Description><rdf:Description rdf:about="#ou489"><ns1:rank rdf:resource="http://rs.tdwg.org/ontology/voc/TaxonRank#Species"/><ns1:toTaxon rdf:resource="http://ncbi.nlm.nih.gov/taxonomy/9514"/><ns2:subClassOf rdf:resource="http://ncbi.nlm.nih.gov/taxonomy/9513"/></rdf:Description><rdf:Description rdf:about="#ou469"><ns1:rank rdf:resource="http://rs.tdwg.org/ontology/voc/TaxonRank#Species"/><ns2:subClassOf rdf:resource="http://ncbi.nlm.nih.gov/taxonomy/9499"/><ns1:toTaxon rdf:resource="http://ncbi.nlm.nih.gov/taxonomy/30589"/></rdf:Description><rdf:Description rdf:about="#ou645"><ns1:toTaxon rdf:resource="http://ncbi.nlm.nih.gov/taxonomy/61618"/><ns2:subClassOf rdf:resource="http://ncbi.nlm.nih.gov/taxonomy/54136"/><ns1:rank rdf:resource="http://rs.tdwg.org/ontology/voc/TaxonRank#Species"/></rdf:Description><rdf:Description rdf:about="#ou627"><ns1:toTaxon rdf:resource="http://ncbi.nlm.nih.gov/taxonomy/30591"/><ns1:rank rdf:resource="http://rs.tdwg.org/ontology/voc/TaxonRank#Species"/><ns2:subClassOf rdf:resource="http://ncbi.nlm.nih.gov/taxonomy/9504"/></rdf:Description><rdf:Description rdf:about="#ou467"><ns1:rank rdf:resource="http://rs.tdwg.org/ontology/voc/TaxonRank#Species"/><ns1:toTaxon rdf:resource="http://ncbi.nlm.nih.gov/taxonomy/47177"/><ns2:subClassOf rdf:resource="http://ncbi.nlm.nih.gov/taxonomy/9459"/></rdf:Description><rdf:Description rdf:about="#ou1652"><ns1:toTaxon rdf:resource="http://ncbi.nlm.nih.gov/taxonomy/376912"/><ns1:rank rdf:resource="http://rs.tdwg.org/ontology/voc/TaxonRank#Infraorder"/><ns2:subClassOf rdf:resource="http://ncbi.nlm.nih.gov/taxonomy/376913"/></rdf:Description><rdf:Description rdf:about="#ou639"><ns2:subClassOf rdf:resource="http://ncbi.nlm.nih.gov/taxonomy/9539"/><ns1:toTaxon rdf:resource="http://ncbi.nlm.nih.gov/taxonomy/78449"/><ns1:rank rdf:resource="http://rs.tdwg.org/ontology/voc/TaxonRank#Species"/></rdf:Description><rdf:Description rdf:about="#ou564"><ns2:subClassOf rdf:resource="http://ncbi.nlm.nih.gov/taxonomy/9564"/><ns1:toTaxon rdf:resource="http://ncbi.nlm.nih.gov/taxonomy/9565"/><ns1:rank rdf:resource="http://rs.tdwg.org/ontology/voc/TaxonRank#Species"/></rdf:Description><rdf:Description rdf:about="#ou647"><ns1:rank rdf:resource="http://rs.tdwg.org/ontology/voc/TaxonRank#Species"/><ns1:toTaxon rdf:resource="http://ncbi.nlm.nih.gov/taxonomy/164651"/><ns2:subClassOf rdf:resource="http://ncbi.nlm.nih.gov/taxonomy/54136"/></rdf:Description><rdf:Description rdf:about="#ou1412"><ns2:subClassOf rdf:resource="http://ncbi.nlm.nih.gov/taxonomy/9528"/><ns1:toTaxon rdf:resource="http://ncbi.nlm.nih.gov/taxonomy/36230"/><ns1:rank rdf:resource="http://rs.tdwg.org/ontology/voc/TaxonRank#Genus"/></rdf:Description><rdf:Description rdf:about="#ou602"><ns1:toTaxon rdf:resource="http://ncbi.nlm.nih.gov/taxonomy/78255"/><ns2:subClassOf rdf:resource="http://ncbi.nlm.nih.gov/taxonomy/9522"/><ns1:rank rdf:resource="http://rs.tdwg.org/ontology/voc/TaxonRank#Species"/></rdf:Description><rdf:Description rdf:about="#ou613"><ns1:toTaxon rdf:resource="http://ncbi.nlm.nih.gov/taxonomy/222416"/><ns1:rank rdf:resource="http://rs.tdwg.org/ontology/voc/TaxonRank#Species"/><ns2:subClassOf rdf:resource="http://ncbi.nlm.nih.gov/taxonomy/54136"/></rdf:Description><rdf:Description rdf:about="#ou519"><ns2:subClassOf rdf:resource="http://ncbi.nlm.nih.gov/taxonomy/9520"/><ns1:rank rdf:resource="http://rs.tdwg.org/ontology/voc/TaxonRank#Species"/><ns1:toTaxon rdf:resource="http://ncbi.nlm.nih.gov/taxonomy/9521"/></rdf:Description><rdf:Description rdf:about="#ou651"><ns2:subClassOf rdf:resource="http://ncbi.nlm.nih.gov/taxonomy/9533"/><ns1:rank rdf:resource="http://rs.tdwg.org/ontology/voc/TaxonRank#Species"/><ns1:toTaxon rdf:resource="http://ncbi.nlm.nih.gov/taxonomy/263448"/></rdf:Description><rdf:Description rdf:about="#ou609"><ns2:subClassOf rdf:resource="http://ncbi.nlm.nih.gov/taxonomy/9481"/><ns1:toTaxon rdf:resource="http://ncbi.nlm.nih.gov/taxonomy/57378"/><ns1:rank rdf:resource="http://rs.tdwg.org/ontology/voc/TaxonRank#Species"/></rdf:Description><rdf:Description rdf:about="#ou556"><ns1:rank rdf:resource="http://rs.tdwg.org/ontology/voc/TaxonRank#Species"/><ns2:subClassOf rdf:resource="http://ncbi.nlm.nih.gov/taxonomy/9573"/><ns1:toTaxon rdf:resource="http://ncbi.nlm.nih.gov/taxonomy/1046098"/></rdf:Description><rdf:Description rdf:about="#ou540"><ns1:rank rdf:resource="http://rs.tdwg.org/ontology/voc/TaxonRank#Species"/><ns1:toTaxon rdf:resource="http://ncbi.nlm.nih.gov/taxonomy/230833"/><ns2:subClassOf rdf:resource="http://ncbi.nlm.nih.gov/taxonomy/9522"/></rdf:Description><rdf:Description rdf:about="#ou460"><ns2:subClassOf rdf:resource="http://ncbi.nlm.nih.gov/taxonomy/122245"/><ns1:rank rdf:resource="http://rs.tdwg.org/ontology/voc/TaxonRank#Species"/><ns1:toTaxon rdf:resource="http://ncbi.nlm.nih.gov/taxonomy/122246"/></rdf:Description><rdf:Description rdf:about="#ou604"><ns2:subClassOf rdf:resource="http://ncbi.nlm.nih.gov/taxonomy/9522"/><ns1:rank rdf:resource="http://rs.tdwg.org/ontology/voc/TaxonRank#Species"/><ns1:toTaxon rdf:resource="http://ncbi.nlm.nih.gov/taxonomy/9523"/></rdf:Description><rdf:Description rdf:about="#ou603"><ns1:toTaxon rdf:resource="http://ncbi.nlm.nih.gov/taxonomy/221704"/><ns1:rank rdf:resource="http://rs.tdwg.org/ontology/voc/TaxonRank#Species"/><ns2:subClassOf rdf:resource="http://ncbi.nlm.nih.gov/taxonomy/9522"/></rdf:Description><rdf:Description rdf:about="#ou445"><ns2:subClassOf rdf:resource="http://ncbi.nlm.nih.gov/taxonomy/9476"/><ns1:toTaxon rdf:resource="http://ncbi.nlm.nih.gov/taxonomy/9478"/><ns1:rank rdf:resource="http://rs.tdwg.org/ontology/voc/TaxonRank#Species"/></rdf:Description><rdf:Description rdf:about="#ou943"><ns1:rank rdf:resource="http://rs.tdwg.org/ontology/voc/TaxonRank#Genus"/><ns2:subClassOf rdf:resource="http://ncbi.nlm.nih.gov/taxonomy/38070"/><ns1:toTaxon rdf:resource="http://ncbi.nlm.nih.gov/taxonomy/9513"/></rdf:Description><rdf:Description rdf:about="#ou655"><ns1:toTaxon rdf:resource="http://ncbi.nlm.nih.gov/taxonomy/167130"/><ns1:rank rdf:resource="http://rs.tdwg.org/ontology/voc/TaxonRank#Species"/><ns2:subClassOf rdf:resource="http://ncbi.nlm.nih.gov/taxonomy/9533"/></rdf:Description><rdf:Description rdf:about="#ou1252"><ns1:rank rdf:resource="http://rs.tdwg.org/ontology/voc/TaxonRank#Genus"/><ns1:toTaxon rdf:resource="http://ncbi.nlm.nih.gov/taxonomy/325166"/><ns2:subClassOf rdf:resource="http://ncbi.nlm.nih.gov/taxonomy/9577"/></rdf:Description><rdf:Description rdf:about="#ou520"><ns2:subClassOf rdf:resource="http://ncbi.nlm.nih.gov/taxonomy/9504"/><ns1:rank rdf:resource="http://rs.tdwg.org/ontology/voc/TaxonRank#Species"/><ns1:toTaxon rdf:resource="http://ncbi.nlm.nih.gov/taxonomy/57176"/></rdf:Description><rdf:Description rdf:about="#ou847"><ns2:subClassOf rdf:resource="http://ncbi.nlm.nih.gov/taxonomy/38039"/><ns1:rank rdf:resource="http://rs.tdwg.org/ontology/voc/TaxonRank#Genus"/><ns1:toTaxon rdf:resource="http://ncbi.nlm.nih.gov/taxonomy/30595"/></rdf:Description><rdf:Description rdf:about="#ou511"><ns2:subClassOf rdf:resource="http://ncbi.nlm.nih.gov/taxonomy/30597"/><ns1:toTaxon rdf:resource="http://ncbi.nlm.nih.gov/taxonomy/30598"/><ns1:rank rdf:resource="http://rs.tdwg.org/ontology/voc/TaxonRank#Species"/></rdf:Description><rdf:Description rdf:about="#ou1333"><ns2:subClassOf rdf:resource="http://ncbi.nlm.nih.gov/taxonomy/9528"/><ns1:rank rdf:resource="http://rs.tdwg.org/ontology/voc/TaxonRank#Genus"/><ns1:toTaxon rdf:resource="http://ncbi.nlm.nih.gov/taxonomy/9539"/></rdf:Description><rdf:Description rdf:about="#ou806"><ns2:subClassOf rdf:resource="http://ncbi.nlm.nih.gov/taxonomy/378855"/><ns1:rank rdf:resource="http://rs.tdwg.org/ontology/voc/TaxonRank#Subfamily"/><ns1:toTaxon rdf:resource="http://ncbi.nlm.nih.gov/taxonomy/38068"/></rdf:Description><rdf:Description rdf:about="#ou1672"><ns2:subClassOf rdf:resource="http://ncbi.nlm.nih.gov/taxonomy/9569"/><ns1:toTaxon rdf:resource="http://ncbi.nlm.nih.gov/taxonomy/54136"/><ns1:rank rdf:resource="http://rs.tdwg.org/ontology/voc/TaxonRank#Genus"/></rdf:Description><rdf:Description rdf:about="#ou475"><ns1:toTaxon rdf:resource="http://ncbi.nlm.nih.gov/taxonomy/54135"/><ns2:subClassOf rdf:resource="http://ncbi.nlm.nih.gov/taxonomy/54134"/><ns1:rank rdf:resource="http://rs.tdwg.org/ontology/voc/TaxonRank#Species"/></rdf:Description><rdf:Description rdf:about="#ou687"><ns2:subClassOf rdf:resource="http://ncbi.nlm.nih.gov/taxonomy/9443"/><ns1:toTaxon rdf:resource="http://ncbi.nlm.nih.gov/taxonomy/376913"/><ns1:rank rdf:resource="http://rs.tdwg.org/ontology/voc/TaxonRank#Suborder"/></rdf:Description><rdf:Description rdf:about="#ou679"><ns1:toTaxon rdf:resource="http://ncbi.nlm.nih.gov/taxonomy/9526"/><ns2:subClassOf rdf:resource="http://ncbi.nlm.nih.gov/taxonomy/314293"/><ns1:rank rdf:resource="http://rs.tdwg.org/ontology/voc/TaxonRank#Parvorder"/></rdf:Description><rdf:Description rdf:about="#ou456"><ns2:subClassOf rdf:resource="http://ncbi.nlm.nih.gov/taxonomy/30610"/><ns1:toTaxon rdf:resource="http://ncbi.nlm.nih.gov/taxonomy/9463"/><ns1:rank rdf:resource="http://rs.tdwg.org/ontology/voc/TaxonRank#Species"/></rdf:Description><rdf:Description rdf:about="#ou457"><ns2:subClassOf rdf:resource="http://ncbi.nlm.nih.gov/taxonomy/9462"/><ns1:rank rdf:resource="http://rs.tdwg.org/ontology/voc/TaxonRank#Species"/><ns1:toTaxon rdf:resource="http://ncbi.nlm.nih.gov/taxonomy/34830"/></rdf:Description><rdf:Description rdf:about="#ou513"><ns1:rank rdf:resource="http://rs.tdwg.org/ontology/voc/TaxonRank#Species"/><ns1:toTaxon rdf:resource="http://ncbi.nlm.nih.gov/taxonomy/70814"/><ns2:subClassOf rdf:resource="http://ncbi.nlm.nih.gov/taxonomy/9522"/></rdf:Description><rdf:Description rdf:about="#ou1171"><ns1:rank rdf:resource="http://rs.tdwg.org/ontology/voc/TaxonRank#Family"/><ns2:subClassOf rdf:resource="http://ncbi.nlm.nih.gov/taxonomy/314295"/><ns1:toTaxon rdf:resource="http://ncbi.nlm.nih.gov/taxonomy/9604"/></rdf:Description><rdf:Description rdf:about="#ou1484"><ns1:rank rdf:resource="http://rs.tdwg.org/ontology/voc/TaxonRank#Genus"/><ns2:subClassOf rdf:resource="http://ncbi.nlm.nih.gov/taxonomy/38039"/><ns1:toTaxon rdf:resource="http://ncbi.nlm.nih.gov/taxonomy/30597"/></rdf:Description><rdf:Description rdf:about="#ou563"><ns2:subClassOf rdf:resource="http://ncbi.nlm.nih.gov/taxonomy/9529"/><ns1:rank rdf:resource="http://rs.tdwg.org/ontology/voc/TaxonRank#Species"/><ns1:toTaxon rdf:resource="http://ncbi.nlm.nih.gov/taxonomy/9532"/></rdf:Description><rdf:Description rdf:about="#ou1644"><ns1:toTaxon rdf:resource="http://ncbi.nlm.nih.gov/taxonomy/9476"/><ns1:rank rdf:resource="http://rs.tdwg.org/ontology/voc/TaxonRank#Genus"/><ns2:subClassOf rdf:resource="http://ncbi.nlm.nih.gov/taxonomy/9475"/></rdf:Description><rdf:Description rdf:about="#ou652"><ns2:subClassOf rdf:resource="http://ncbi.nlm.nih.gov/taxonomy/9533"/><ns1:toTaxon rdf:resource="http://ncbi.nlm.nih.gov/taxonomy/102108"/><ns1:rank rdf:resource="http://rs.tdwg.org/ontology/voc/TaxonRank#Species"/></rdf:Description><rdf:Description rdf:about="#ou646"><ns1:toTaxon rdf:resource="http://ncbi.nlm.nih.gov/taxonomy/54181"/><ns2:subClassOf rdf:resource="http://ncbi.nlm.nih.gov/taxonomy/54136"/><ns1:rank rdf:resource="http://rs.tdwg.org/ontology/voc/TaxonRank#Species"/></rdf:Description><rdf:Description rdf:about="#ou538"><ns1:toTaxon rdf:resource="http://ncbi.nlm.nih.gov/taxonomy/13514"/><ns2:subClassOf rdf:resource="http://ncbi.nlm.nih.gov/taxonomy/13513"/><ns1:rank rdf:resource="http://rs.tdwg.org/ontology/voc/TaxonRank#Species"/></rdf:Description><rdf:Description rdf:about="#ou624"><ns1:toTaxon rdf:resource="http://ncbi.nlm.nih.gov/taxonomy/147649"/><ns1:rank rdf:resource="http://rs.tdwg.org/ontology/voc/TaxonRank#Species"/><ns2:subClassOf rdf:resource="http://ncbi.nlm.nih.gov/taxonomy/9533"/></rdf:Description><rdf:Description rdf:about="#ou591"><ns1:rank rdf:resource="http://rs.tdwg.org/ontology/voc/TaxonRank#Species"/><ns2:subClassOf rdf:resource="http://ncbi.nlm.nih.gov/taxonomy/88028"/><ns1:toTaxon rdf:resource="http://ncbi.nlm.nih.gov/taxonomy/88029"/></rdf:Description><rdf:Description rdf:about="#ou901"><ns2:subClassOf rdf:resource="http://ncbi.nlm.nih.gov/taxonomy/9498"/><ns1:toTaxon rdf:resource="http://ncbi.nlm.nih.gov/taxonomy/9480"/><ns1:rank rdf:resource="http://rs.tdwg.org/ontology/voc/TaxonRank#Subfamily"/></rdf:Description><rdf:Description rdf:about="#ou559"><ns2:subClassOf rdf:resource="http://ncbi.nlm.nih.gov/taxonomy/9570"/><ns1:rank rdf:resource="http://rs.tdwg.org/ontology/voc/TaxonRank#Species"/><ns1:toTaxon rdf:resource="http://ncbi.nlm.nih.gov/taxonomy/33548"/></rdf:Description><rdf:Description rdf:about="#ou585"><ns1:toTaxon rdf:resource="http://ncbi.nlm.nih.gov/taxonomy/43778"/><ns2:subClassOf rdf:resource="http://ncbi.nlm.nih.gov/taxonomy/9486"/><ns1:rank rdf:resource="http://rs.tdwg.org/ontology/voc/TaxonRank#Species"/></rdf:Description><rdf:Description rdf:about="#ou516"><ns1:toTaxon rdf:resource="http://ncbi.nlm.nih.gov/taxonomy/9507"/><ns2:subClassOf rdf:resource="http://ncbi.nlm.nih.gov/taxonomy/9506"/><ns1:rank rdf:resource="http://rs.tdwg.org/ontology/voc/TaxonRank#Species"/></rdf:Description><rdf:Description rdf:about="#ou648"><ns1:toTaxon rdf:resource="http://ncbi.nlm.nih.gov/taxonomy/122765"/><ns2:subClassOf rdf:resource="http://ncbi.nlm.nih.gov/taxonomy/54136"/><ns1:rank rdf:resource="http://rs.tdwg.org/ontology/voc/TaxonRank#Species"/></rdf:Description><rdf:Description rdf:about="#ou507"><ns1:rank rdf:resource="http://rs.tdwg.org/ontology/voc/TaxonRank#Species"/><ns2:subClassOf rdf:resource="http://ncbi.nlm.nih.gov/taxonomy/9524"/><ns1:toTaxon rdf:resource="http://ncbi.nlm.nih.gov/taxonomy/9525"/></rdf:Description><rdf:Description rdf:about="#ou533"><ns1:rank rdf:resource="http://rs.tdwg.org/ontology/voc/TaxonRank#Species"/><ns2:subClassOf rdf:resource="http://ncbi.nlm.nih.gov/taxonomy/9452"/><ns1:toTaxon rdf:resource="http://ncbi.nlm.nih.gov/taxonomy/100475"/></rdf:Description><rdf:Description rdf:about="#ou643"><ns2:subClassOf rdf:resource="http://ncbi.nlm.nih.gov/taxonomy/9533"/><ns1:toTaxon rdf:resource="http://ncbi.nlm.nih.gov/taxonomy/1137048"/><ns1:rank rdf:resource="http://rs.tdwg.org/ontology/voc/TaxonRank#Species"/></rdf:Description><rdf:Description rdf:about="#ou453"><ns2:subClassOf rdf:resource="http://ncbi.nlm.nih.gov/taxonomy/89671"/><ns1:toTaxon rdf:resource="http://ncbi.nlm.nih.gov/taxonomy/111174"/><ns1:rank rdf:resource="http://rs.tdwg.org/ontology/voc/TaxonRank#Species"/></rdf:Description><rdf:Description rdf:about="#ou462"><ns1:rank rdf:resource="http://rs.tdwg.org/ontology/voc/TaxonRank#Species"/><ns1:toTaxon rdf:resource="http://ncbi.nlm.nih.gov/taxonomy/111173"/><ns2:subClassOf rdf:resource="http://ncbi.nlm.nih.gov/taxonomy/9462"/></rdf:Description><rdf:Description rdf:about="#ou1153"><ns2:subClassOf rdf:resource="http://ncbi.nlm.nih.gov/taxonomy/40297"/><ns1:rank rdf:resource="http://rs.tdwg.org/ontology/voc/TaxonRank#Genus"/><ns1:toTaxon rdf:resource="http://ncbi.nlm.nih.gov/taxonomy/89671"/></rdf:Description><rdf:Description rdf:about="#ou1297"><ns1:toTaxon rdf:resource="http://ncbi.nlm.nih.gov/taxonomy/30614"/><ns1:rank rdf:resource="http://rs.tdwg.org/ontology/voc/TaxonRank#Family"/><ns2:subClassOf rdf:resource="http://ncbi.nlm.nih.gov/taxonomy/376915"/></rdf:Description><rdf:Description rdf:about="#ou572"><ns1:toTaxon rdf:resource="http://ncbi.nlm.nih.gov/taxonomy/595220"/><ns2:subClassOf rdf:resource="http://ncbi.nlm.nih.gov/taxonomy/30597"/><ns1:rank rdf:resource="http://rs.tdwg.org/ontology/voc/TaxonRank#Species"/></rdf:Description><rdf:Description rdf:about="#ou1326"><ns1:toTaxon rdf:resource="http://ncbi.nlm.nih.gov/taxonomy/9467"/><ns2:subClassOf rdf:resource="http://ncbi.nlm.nih.gov/taxonomy/9461"/><ns1:rank rdf:resource="http://rs.tdwg.org/ontology/voc/TaxonRank#Genus"/></rdf:Description><rdf:Description rdf:about="#ou503"><ns2:subClassOf rdf:resource="http://ncbi.nlm.nih.gov/taxonomy/30600"/><ns1:rank rdf:resource="http://rs.tdwg.org/ontology/voc/TaxonRank#Species"/><ns1:toTaxon rdf:resource="http://ncbi.nlm.nih.gov/taxonomy/34825"/></rdf:Description><rdf:Description rdf:about="#ou534"><ns2:subClassOf rdf:resource="http://ncbi.nlm.nih.gov/taxonomy/13556"/><ns1:rank rdf:resource="http://rs.tdwg.org/ontology/voc/TaxonRank#Species"/><ns1:toTaxon rdf:resource="http://ncbi.nlm.nih.gov/taxonomy/13557"/></rdf:Description><rdf:Description rdf:about="#ou509"><ns1:toTaxon rdf:resource="http://ncbi.nlm.nih.gov/taxonomy/70825"/><ns1:rank rdf:resource="http://rs.tdwg.org/ontology/voc/TaxonRank#Species"/><ns2:subClassOf rdf:resource="http://ncbi.nlm.nih.gov/taxonomy/30595"/></rdf:Description><rdf:Description rdf:about="#ou517"><ns1:rank rdf:resource="http://rs.tdwg.org/ontology/voc/TaxonRank#Species"/><ns2:subClassOf rdf:resource="http://ncbi.nlm.nih.gov/taxonomy/9518"/><ns1:toTaxon rdf:resource="http://ncbi.nlm.nih.gov/taxonomy/9519"/></rdf:Description><rdf:Description rdf:about="#ou553"><ns1:toTaxon rdf:resource="http://ncbi.nlm.nih.gov/taxonomy/9588"/><ns2:subClassOf rdf:resource="http://ncbi.nlm.nih.gov/taxonomy/9578"/><ns1:rank rdf:resource="http://rs.tdwg.org/ontology/voc/TaxonRank#Species"/></rdf:Description><rdf:Description rdf:about="#ou649"><ns1:toTaxon rdf:resource="http://ncbi.nlm.nih.gov/taxonomy/36226"/><ns1:rank rdf:resource="http://rs.tdwg.org/ontology/voc/TaxonRank#Species"/><ns2:subClassOf rdf:resource="http://ncbi.nlm.nih.gov/taxonomy/9533"/></rdf:Description><rdf:Description rdf:about="#ou1163"><ns1:rank rdf:resource="http://rs.tdwg.org/ontology/voc/TaxonRank#Genus"/><ns2:subClassOf rdf:resource="http://ncbi.nlm.nih.gov/taxonomy/207598"/><ns1:toTaxon rdf:resource="http://ncbi.nlm.nih.gov/taxonomy/9592"/></rdf:Description><rdf:Description rdf:about="#ou484"><ns1:toTaxon rdf:resource="http://ncbi.nlm.nih.gov/taxonomy/9502"/><ns2:subClassOf rdf:resource="http://ncbi.nlm.nih.gov/taxonomy/9499"/><ns1:rank rdf:resource="http://rs.tdwg.org/ontology/voc/TaxonRank#Species"/></rdf:Description><rdf:Description rdf:about="#ou791"><ns1:rank rdf:resource="http://rs.tdwg.org/ontology/voc/TaxonRank#Family"/><ns2:subClassOf rdf:resource="http://ncbi.nlm.nih.gov/taxonomy/376916"/><ns1:toTaxon rdf:resource="http://ncbi.nlm.nih.gov/taxonomy/9461"/></rdf:Description><rdf:Description rdf:about="#ou459"><ns2:subClassOf rdf:resource="http://ncbi.nlm.nih.gov/taxonomy/9469"/><ns1:rank rdf:resource="http://rs.tdwg.org/ontology/voc/TaxonRank#Species"/><ns1:toTaxon rdf:resource="http://ncbi.nlm.nih.gov/taxonomy/9470"/></rdf:Description><rdf:Description rdf:about="#ou1426"><ns1:toTaxon rdf:resource="http://ncbi.nlm.nih.gov/taxonomy/43779"/><ns2:subClassOf rdf:resource="http://ncbi.nlm.nih.gov/taxonomy/9569"/><ns1:rank rdf:resource="http://rs.tdwg.org/ontology/voc/TaxonRank#Genus"/></rdf:Description><rdf:Description rdf:about="#ou496"><ns1:toTaxon rdf:resource="http://ncbi.nlm.nih.gov/taxonomy/170207"/><ns2:subClassOf rdf:resource="http://ncbi.nlm.nih.gov/taxonomy/1203020"/><ns1:rank rdf:resource="http://rs.tdwg.org/ontology/voc/TaxonRank#Species"/></rdf:Description><rdf:Description rdf:about="#ou787"><ns2:subClassOf rdf:resource="http://ncbi.nlm.nih.gov/taxonomy/9461"/><ns1:rank rdf:resource="http://rs.tdwg.org/ontology/voc/TaxonRank#Genus"/><ns1:toTaxon rdf:resource="http://ncbi.nlm.nih.gov/taxonomy/261738"/></rdf:Description><rdf:Description rdf:about="#ou595"><ns1:rank rdf:resource="http://rs.tdwg.org/ontology/voc/TaxonRank#Species"/><ns1:toTaxon rdf:resource="http://ncbi.nlm.nih.gov/taxonomy/9545"/><ns2:subClassOf rdf:resource="http://ncbi.nlm.nih.gov/taxonomy/9539"/></rdf:Description><rdf:Description rdf:about="#ou586"><ns1:toTaxon rdf:resource="http://ncbi.nlm.nih.gov/taxonomy/30586"/><ns2:subClassOf rdf:resource="http://ncbi.nlm.nih.gov/taxonomy/9486"/><ns1:rank rdf:resource="http://rs.tdwg.org/ontology/voc/TaxonRank#Species"/></rdf:Description><rdf:Description rdf:about="#ou474"><ns1:toTaxon rdf:resource="http://ncbi.nlm.nih.gov/taxonomy/9590"/><ns1:rank rdf:resource="http://rs.tdwg.org/ontology/voc/TaxonRank#Species"/><ns2:subClassOf rdf:resource="http://ncbi.nlm.nih.gov/taxonomy/325166"/></rdf:Description><rdf:Description rdf:about="#ou626"><ns1:rank rdf:resource="http://rs.tdwg.org/ontology/voc/TaxonRank#Species"/><ns1:toTaxon rdf:resource="http://ncbi.nlm.nih.gov/taxonomy/9505"/><ns2:subClassOf rdf:resource="http://ncbi.nlm.nih.gov/taxonomy/9504"/></rdf:Description><rdf:Description rdf:about="#ou599"><ns2:subClassOf rdf:resource="http://ncbi.nlm.nih.gov/taxonomy/9533"/><ns1:rank rdf:resource="http://rs.tdwg.org/ontology/voc/TaxonRank#Species"/><ns1:toTaxon rdf:resource="http://ncbi.nlm.nih.gov/taxonomy/9536"/></rdf:Description><rdf:Description rdf:about="#ou525"><ns2:subClassOf rdf:resource="http://ncbi.nlm.nih.gov/taxonomy/9596"/><ns1:rank rdf:resource="http://rs.tdwg.org/ontology/voc/TaxonRank#Species"/><ns1:toTaxon rdf:resource="http://ncbi.nlm.nih.gov/taxonomy/9597"/></rdf:Description><rdf:Description rdf:about="#ou495"><ns1:rank rdf:resource="http://rs.tdwg.org/ontology/voc/TaxonRank#Species"/><ns2:subClassOf rdf:resource="http://ncbi.nlm.nih.gov/taxonomy/43779"/><ns1:toTaxon rdf:resource="http://ncbi.nlm.nih.gov/taxonomy/43780"/></rdf:Description><rdf:Description rdf:about="#ou1210"><ns1:toTaxon rdf:resource="http://ncbi.nlm.nih.gov/taxonomy/9577"/><ns2:subClassOf rdf:resource="http://ncbi.nlm.nih.gov/taxonomy/314295"/><ns1:rank rdf:resource="http://rs.tdwg.org/ontology/voc/TaxonRank#Family"/></rdf:Description><rdf:Description rdf:about="#ou855"><ns1:rank rdf:resource="http://rs.tdwg.org/ontology/voc/TaxonRank#Family"/><ns2:subClassOf rdf:resource="http://ncbi.nlm.nih.gov/taxonomy/9479"/><ns1:toTaxon rdf:resource="http://ncbi.nlm.nih.gov/taxonomy/376919"/></rdf:Description><rdf:Description rdf:about="#ou605"><ns2:subClassOf rdf:resource="http://ncbi.nlm.nih.gov/taxonomy/9522"/><ns1:rank rdf:resource="http://rs.tdwg.org/ontology/voc/TaxonRank#Species"/></rdf:Description><rdf:Description rdf:about="#ou444"><ns1:rank rdf:resource="http://rs.tdwg.org/ontology/voc/TaxonRank#Species"/><ns2:subClassOf rdf:resource="http://ncbi.nlm.nih.gov/taxonomy/9476"/></rdf:Description><rdf:Description rdf:about="#ou1395"><ns1:toTaxon rdf:resource="http://ncbi.nlm.nih.gov/taxonomy/83691"/><ns1:rank rdf:resource="http://rs.tdwg.org/ontology/voc/TaxonRank#Genus"/><ns2:subClassOf rdf:resource="http://ncbi.nlm.nih.gov/taxonomy/30615"/></rdf:Description><rdf:Description rdf:about="#ou620"><ns2:subClassOf rdf:resource="http://ncbi.nlm.nih.gov/taxonomy/9539"/><ns1:rank rdf:resource="http://rs.tdwg.org/ontology/voc/TaxonRank#Species"/><ns1:toTaxon rdf:resource="http://ncbi.nlm.nih.gov/taxonomy/90383"/></rdf:Description><rdf:Description rdf:about="#ou683"><ns2:subClassOf rdf:resource="http://ncbi.nlm.nih.gov/taxonomy/376913"/><ns1:rank rdf:resource="http://rs.tdwg.org/ontology/voc/TaxonRank#Infraorder"/><ns1:toTaxon rdf:resource="http://ncbi.nlm.nih.gov/taxonomy/314293"/></rdf:Description><rdf:Description rdf:about="#ou593"><ns1:toTaxon rdf:resource="http://ncbi.nlm.nih.gov/taxonomy/61622"/><ns1:rank rdf:resource="http://rs.tdwg.org/ontology/voc/TaxonRank#Species"/><ns2:subClassOf rdf:resource="http://ncbi.nlm.nih.gov/taxonomy/542827"/></rdf:Description><rdf:Description rdf:about="#ou1041"><ns2:subClassOf rdf:resource="http://ncbi.nlm.nih.gov/taxonomy/38039"/><ns1:toTaxon rdf:resource="http://ncbi.nlm.nih.gov/taxonomy/9524"/><ns1:rank rdf:resource="http://rs.tdwg.org/ontology/voc/TaxonRank#Genus"/></rdf:Description><rdf:Description rdf:about="#ou1534"><ns1:toTaxon rdf:resource="http://ncbi.nlm.nih.gov/taxonomy/164647"/><ns1:rank rdf:resource="http://rs.tdwg.org/ontology/voc/TaxonRank#Genus"/><ns2:subClassOf rdf:resource="http://ncbi.nlm.nih.gov/taxonomy/9569"/></rdf:Description><rdf:Description rdf:about="#ou541"><ns1:rank rdf:resource="http://rs.tdwg.org/ontology/voc/TaxonRank#Species"/><ns1:toTaxon rdf:resource="http://ncbi.nlm.nih.gov/taxonomy/182256"/><ns2:subClassOf rdf:resource="http://ncbi.nlm.nih.gov/taxonomy/9499"/></rdf:Description><rdf:Description rdf:about="#ou598"><ns2:subClassOf rdf:resource="http://ncbi.nlm.nih.gov/taxonomy/9533"/><ns1:rank rdf:resource="http://rs.tdwg.org/ontology/voc/TaxonRank#Species"/><ns1:toTaxon rdf:resource="http://ncbi.nlm.nih.gov/taxonomy/147650"/></rdf:Description><rdf:Description rdf:about="#ou1527"><ns1:toTaxon rdf:resource="http://ncbi.nlm.nih.gov/taxonomy/591932"/><ns2:subClassOf rdf:resource="http://ncbi.nlm.nih.gov/taxonomy/9569"/><ns1:rank rdf:resource="http://rs.tdwg.org/ontology/voc/TaxonRank#Genus"/></rdf:Description><rdf:Description rdf:about="#ou1096"><ns1:toTaxon rdf:resource="http://ncbi.nlm.nih.gov/taxonomy/13513"/><ns1:rank rdf:resource="http://rs.tdwg.org/ontology/voc/TaxonRank#Genus"/><ns2:subClassOf rdf:resource="http://ncbi.nlm.nih.gov/taxonomy/9445"/></rdf:Description><rdf:Description rdf:about="#ou466"><ns1:rank rdf:resource="http://rs.tdwg.org/ontology/voc/TaxonRank#Species"/><ns2:subClassOf rdf:resource="http://ncbi.nlm.nih.gov/taxonomy/9459"/><ns1:toTaxon rdf:resource="http://ncbi.nlm.nih.gov/taxonomy/9460"/></rdf:Description><rdf:Description rdf:about="#ou1199"><ns1:rank rdf:resource="http://rs.tdwg.org/ontology/voc/TaxonRank#Genus"/><ns2:subClassOf rdf:resource="http://ncbi.nlm.nih.gov/taxonomy/207598"/><ns1:toTaxon rdf:resource="http://ncbi.nlm.nih.gov/taxonomy/9605"/></rdf:Description><rdf:Description rdf:about="#ou795"><ns1:rank rdf:resource="http://rs.tdwg.org/ontology/voc/TaxonRank#Infraorder"/><ns1:toTaxon rdf:resource="http://ncbi.nlm.nih.gov/taxonomy/376916"/><ns2:subClassOf rdf:resource="http://ncbi.nlm.nih.gov/taxonomy/376911"/></rdf:Description><rdf:Description rdf:about="#ou562"><ns1:toTaxon rdf:resource="http://ncbi.nlm.nih.gov/taxonomy/9530"/><ns2:subClassOf rdf:resource="http://ncbi.nlm.nih.gov/taxonomy/9529"/><ns1:rank rdf:resource="http://rs.tdwg.org/ontology/voc/TaxonRank#Species"/></rdf:Description><rdf:Description rdf:about="#ou1206"><ns1:toTaxon rdf:resource="http://ncbi.nlm.nih.gov/taxonomy/9578"/><ns1:rank rdf:resource="http://rs.tdwg.org/ontology/voc/TaxonRank#Genus"/><ns2:subClassOf rdf:resource="http://ncbi.nlm.nih.gov/taxonomy/9577"/></rdf:Description><rdf:Description rdf:about="#ou622"><ns1:toTaxon rdf:resource="http://ncbi.nlm.nih.gov/taxonomy/54600"/><ns2:subClassOf rdf:resource="http://ncbi.nlm.nih.gov/taxonomy/9539"/><ns1:rank rdf:resource="http://rs.tdwg.org/ontology/voc/TaxonRank#Species"/></rdf:Description><rdf:Description rdf:about="#ou616"><ns1:rank rdf:resource="http://rs.tdwg.org/ontology/voc/TaxonRank#Species"/><ns2:subClassOf rdf:resource="http://ncbi.nlm.nih.gov/taxonomy/9573"/><ns1:toTaxon rdf:resource="http://ncbi.nlm.nih.gov/taxonomy/1046092"/></rdf:Description><rdf:Description rdf:about="#ou1443"><ns2:subClassOf rdf:resource="http://ncbi.nlm.nih.gov/taxonomy/40297"/><ns1:rank rdf:resource="http://rs.tdwg.org/ontology/voc/TaxonRank#Genus"/><ns1:toTaxon rdf:resource="http://ncbi.nlm.nih.gov/taxonomy/30610"/></rdf:Description><rdf:Description rdf:about="#ou584"><ns2:subClassOf rdf:resource="http://ncbi.nlm.nih.gov/taxonomy/9486"/><ns1:rank rdf:resource="http://rs.tdwg.org/ontology/voc/TaxonRank#Species"/><ns1:toTaxon rdf:resource="http://ncbi.nlm.nih.gov/taxonomy/9490"/></rdf:Description><rdf:Description rdf:about="#ou505"><ns1:toTaxon rdf:resource="http://ncbi.nlm.nih.gov/taxonomy/122232"/><ns2:subClassOf rdf:resource="http://ncbi.nlm.nih.gov/taxonomy/13149"/><ns1:rank rdf:resource="http://rs.tdwg.org/ontology/voc/TaxonRank#Species"/></rdf:Description><rdf:Description rdf:about="#ou486"><ns1:toTaxon rdf:resource="http://ncbi.nlm.nih.gov/taxonomy/37295"/><ns1:rank rdf:resource="http://rs.tdwg.org/ontology/voc/TaxonRank#Species"/><ns2:subClassOf rdf:resource="http://ncbi.nlm.nih.gov/taxonomy/9513"/></rdf:Description><rdf:Description rdf:about="#ou574"><ns2:subClassOf rdf:resource="http://ncbi.nlm.nih.gov/taxonomy/9522"/><ns1:rank rdf:resource="http://rs.tdwg.org/ontology/voc/TaxonRank#Species"/></rdf:Description><rdf:Description rdf:about="#ou549"><ns1:toTaxon rdf:resource="http://ncbi.nlm.nih.gov/taxonomy/9493"/><ns1:rank rdf:resource="http://rs.tdwg.org/ontology/voc/TaxonRank#Species"/><ns2:subClassOf rdf:resource="http://ncbi.nlm.nih.gov/taxonomy/9481"/></rdf:Description><rdf:Description rdf:about="#ou473"><ns2:subClassOf rdf:resource="http://ncbi.nlm.nih.gov/taxonomy/325167"/><ns1:rank rdf:resource="http://rs.tdwg.org/ontology/voc/TaxonRank#Species"/><ns1:toTaxon rdf:resource="http://ncbi.nlm.nih.gov/taxonomy/61851"/></rdf:Description><rdf:Description rdf:about="#ou663"><ns1:rank rdf:resource="http://rs.tdwg.org/ontology/voc/TaxonRank#Genus"/><ns2:subClassOf rdf:resource="http://ncbi.nlm.nih.gov/taxonomy/9528"/><ns1:toTaxon rdf:resource="http://ncbi.nlm.nih.gov/taxonomy/54134"/></rdf:Description><rdf:Description rdf:about="#ou611"><ns1:rank rdf:resource="http://rs.tdwg.org/ontology/voc/TaxonRank#Species"/><ns2:subClassOf rdf:resource="http://ncbi.nlm.nih.gov/taxonomy/9486"/><ns1:toTaxon rdf:resource="http://ncbi.nlm.nih.gov/taxonomy/9491"/></rdf:Description><rdf:Description rdf:about="#ou565"><ns1:toTaxon rdf:resource="http://ncbi.nlm.nih.gov/taxonomy/9557"/><ns1:rank rdf:resource="http://rs.tdwg.org/ontology/voc/TaxonRank#Species"/><ns2:subClassOf rdf:resource="http://ncbi.nlm.nih.gov/taxonomy/9554"/></rdf:Description><rdf:Description rdf:about="#ou1497"><ns2:subClassOf rdf:resource="http://ncbi.nlm.nih.gov/taxonomy/607660"/><ns1:toTaxon rdf:resource="http://ncbi.nlm.nih.gov/taxonomy/9599"/><ns1:rank rdf:resource="http://rs.tdwg.org/ontology/voc/TaxonRank#Genus"/></rdf:Description><rdf:Description rdf:about="#ou521"><ns1:rank rdf:resource="http://rs.tdwg.org/ontology/voc/TaxonRank#Species"/><ns1:toTaxon rdf:resource="http://ncbi.nlm.nih.gov/taxonomy/361674"/><ns2:subClassOf rdf:resource="http://ncbi.nlm.nih.gov/taxonomy/9504"/></rdf:Description><rdf:Description rdf:about="#ou1123"><ns1:toTaxon rdf:resource="http://ncbi.nlm.nih.gov/taxonomy/40297"/><ns2:subClassOf rdf:resource="http://ncbi.nlm.nih.gov/taxonomy/376917"/><ns1:rank rdf:resource="http://rs.tdwg.org/ontology/voc/TaxonRank#Family"/></rdf:Description><rdf:Description rdf:about="#ou552"><ns2:subClassOf rdf:resource="http://ncbi.nlm.nih.gov/taxonomy/9486"/><ns1:rank rdf:resource="http://rs.tdwg.org/ontology/voc/TaxonRank#Species"/><ns1:toTaxon rdf:resource="http://ncbi.nlm.nih.gov/taxonomy/290597"/></rdf:Description><rdf:Description rdf:about="#ou1463"><ns2:subClassOf rdf:resource="http://ncbi.nlm.nih.gov/taxonomy/9528"/><ns1:rank rdf:resource="http://rs.tdwg.org/ontology/voc/TaxonRank#Genus"/><ns1:toTaxon rdf:resource="http://ncbi.nlm.nih.gov/taxonomy/9554"/></rdf:Description><rdf:Description rdf:about="#ou869"><ns1:toTaxon rdf:resource="http://ncbi.nlm.nih.gov/taxonomy/38069"/><ns1:rank rdf:resource="http://rs.tdwg.org/ontology/voc/TaxonRank#Subfamily"/><ns2:subClassOf rdf:resource="http://ncbi.nlm.nih.gov/taxonomy/376919"/></rdf:Description><rdf:Description rdf:about="#ou1266"><ns2:subClassOf rdf:resource="http://ncbi.nlm.nih.gov/taxonomy/38068"/><ns1:rank rdf:resource="http://rs.tdwg.org/ontology/voc/TaxonRank#Genus"/><ns1:toTaxon rdf:resource="http://ncbi.nlm.nih.gov/taxonomy/9518"/></rdf:Description><rdf:Description rdf:about="#ou1453"><ns2:subClassOf rdf:resource="http://ncbi.nlm.nih.gov/taxonomy/207598"/><ns1:rank rdf:resource="http://rs.tdwg.org/ontology/voc/TaxonRank#Genus"/><ns1:toTaxon rdf:resource="http://ncbi.nlm.nih.gov/taxonomy/9596"/></rdf:Description><rdf:Description rdf:about="#ou656"><ns1:rank rdf:resource="http://rs.tdwg.org/ontology/voc/TaxonRank#Species"/><ns1:toTaxon rdf:resource="http://ncbi.nlm.nih.gov/taxonomy/100487"/><ns2:subClassOf rdf:resource="http://ncbi.nlm.nih.gov/taxonomy/9533"/></rdf:Description><rdf:Description rdf:about="#ou560"><ns1:toTaxon rdf:resource="http://ncbi.nlm.nih.gov/taxonomy/9561"/><ns1:rank rdf:resource="http://rs.tdwg.org/ontology/voc/TaxonRank#Species"/><ns2:subClassOf rdf:resource="http://ncbi.nlm.nih.gov/taxonomy/9567"/></rdf:Description><rdf:Description rdf:about="#ou717"><ns2:subClassOf rdf:resource="http://ncbi.nlm.nih.gov/taxonomy/38066"/><ns1:toTaxon rdf:resource="http://ncbi.nlm.nih.gov/taxonomy/9499"/><ns1:rank rdf:resource="http://rs.tdwg.org/ontology/voc/TaxonRank#Genus"/></rdf:Description><rdf:Description rdf:about="#ou608"><ns1:rank rdf:resource="http://rs.tdwg.org/ontology/voc/TaxonRank#Species"/><ns2:subClassOf rdf:resource="http://ncbi.nlm.nih.gov/taxonomy/9481"/><ns1:toTaxon rdf:resource="http://ncbi.nlm.nih.gov/taxonomy/52231"/></rdf:Description><rdf:Description rdf:about="#ou539"><ns1:rank rdf:resource="http://rs.tdwg.org/ontology/voc/TaxonRank#Species"/><ns2:subClassOf rdf:resource="http://ncbi.nlm.nih.gov/taxonomy/30597"/></rdf:Description><rdf:Description rdf:about="#ou1541"><ns1:rank rdf:resource="http://rs.tdwg.org/ontology/voc/TaxonRank#Genus"/><ns1:toTaxon rdf:resource="http://ncbi.nlm.nih.gov/taxonomy/30600"/><ns2:subClassOf rdf:resource="http://ncbi.nlm.nih.gov/taxonomy/30599"/></rdf:Description><rdf:Description rdf:about="#ou446"><ns2:subClassOf rdf:resource="http://ncbi.nlm.nih.gov/taxonomy/9476"/><ns1:rank rdf:resource="http://rs.tdwg.org/ontology/voc/TaxonRank#Species"/><ns1:toTaxon rdf:resource="http://ncbi.nlm.nih.gov/taxonomy/9477"/></rdf:Description><rdf:Description rdf:about="#ou1617"><ns2:subClassOf rdf:resource="http://ncbi.nlm.nih.gov/taxonomy/378850"/><ns1:rank rdf:resource="http://rs.tdwg.org/ontology/voc/TaxonRank#Genus"/><ns1:toTaxon rdf:resource="http://ncbi.nlm.nih.gov/taxonomy/9520"/></rdf:Description><rdf:Description rdf:about="#ou851"><ns1:rank rdf:resource="http://rs.tdwg.org/ontology/voc/TaxonRank#Subfamily"/><ns1:toTaxon rdf:resource="http://ncbi.nlm.nih.gov/taxonomy/38039"/><ns2:subClassOf rdf:resource="http://ncbi.nlm.nih.gov/taxonomy/376919"/></rdf:Description><rdf:Description rdf:about="#ou451"><ns1:rank rdf:resource="http://rs.tdwg.org/ontology/voc/TaxonRank#Species"/><ns2:subClassOf rdf:resource="http://ncbi.nlm.nih.gov/taxonomy/9462"/><ns1:toTaxon rdf:resource="http://ncbi.nlm.nih.gov/taxonomy/135486"/></rdf:Description><rdf:Description rdf:about="#ou455"><ns1:rank rdf:resource="http://rs.tdwg.org/ontology/voc/TaxonRank#Species"/><ns1:toTaxon rdf:resource="http://ncbi.nlm.nih.gov/taxonomy/30611"/><ns2:subClassOf rdf:resource="http://ncbi.nlm.nih.gov/taxonomy/30610"/></rdf:Description><rdf:Description rdf:about="#ou561"><ns1:toTaxon rdf:resource="http://ncbi.nlm.nih.gov/taxonomy/9568"/><ns2:subClassOf rdf:resource="http://ncbi.nlm.nih.gov/taxonomy/9567"/><ns1:rank rdf:resource="http://rs.tdwg.org/ontology/voc/TaxonRank#Species"/></rdf:Description><rdf:Description rdf:about="#ou501"><ns1:toTaxon rdf:resource="http://ncbi.nlm.nih.gov/taxonomy/78866"/><ns2:subClassOf rdf:resource="http://ncbi.nlm.nih.gov/taxonomy/9452"/><ns1:rank rdf:resource="http://rs.tdwg.org/ontology/voc/TaxonRank#Species"/></rdf:Description><rdf:Description rdf:about="#ou644"><ns2:subClassOf rdf:resource="http://ncbi.nlm.nih.gov/taxonomy/9533"/><ns1:rank rdf:resource="http://rs.tdwg.org/ontology/voc/TaxonRank#Species"/><ns1:toTaxon rdf:resource="http://ncbi.nlm.nih.gov/taxonomy/36224"/></rdf:Description><rdf:Description rdf:about="#ou1051"><ns1:toTaxon rdf:resource="http://ncbi.nlm.nih.gov/taxonomy/392815"/><ns2:subClassOf rdf:resource="http://ncbi.nlm.nih.gov/taxonomy/9528"/><ns1:rank rdf:resource="http://rs.tdwg.org/ontology/voc/TaxonRank#Genus"/></rdf:Description><rdf:Description rdf:about="#ou640"><ns1:toTaxon rdf:resource="http://ncbi.nlm.nih.gov/taxonomy/36227"/><ns2:subClassOf rdf:resource="http://ncbi.nlm.nih.gov/taxonomy/9533"/><ns1:rank rdf:resource="http://rs.tdwg.org/ontology/voc/TaxonRank#Species"/></rdf:Description><rdf:Description rdf:about="#ou463"><ns2:subClassOf rdf:resource="http://ncbi.nlm.nih.gov/taxonomy/9452"/><ns1:rank rdf:resource="http://rs.tdwg.org/ontology/voc/TaxonRank#Species"/><ns1:toTaxon rdf:resource="http://ncbi.nlm.nih.gov/taxonomy/9453"/></rdf:Description><rdf:Description rdf:about="#ou569"><ns1:toTaxon rdf:resource="http://ncbi.nlm.nih.gov/taxonomy/78583"/><ns2:subClassOf rdf:resource="http://ncbi.nlm.nih.gov/taxonomy/9452"/><ns1:rank rdf:resource="http://rs.tdwg.org/ontology/voc/TaxonRank#Species"/></rdf:Description><rdf:Description rdf:about="#ou461"><ns1:toTaxon rdf:resource="http://ncbi.nlm.nih.gov/taxonomy/9600"/><ns2:subClassOf rdf:resource="http://ncbi.nlm.nih.gov/taxonomy/9599"/><ns1:rank rdf:resource="http://rs.tdwg.org/ontology/voc/TaxonRank#Species"/></rdf:Description><rdf:Description rdf:about="#ou510"><ns1:rank rdf:resource="http://rs.tdwg.org/ontology/voc/TaxonRank#Species"/><ns2:subClassOf rdf:resource="http://ncbi.nlm.nih.gov/taxonomy/30595"/><ns1:toTaxon rdf:resource="http://ncbi.nlm.nih.gov/taxonomy/30596"/></rdf:Description><rdf:Description rdf:about="#ou650"><ns1:toTaxon rdf:resource="http://ncbi.nlm.nih.gov/taxonomy/303588"/><ns1:rank rdf:resource="http://rs.tdwg.org/ontology/voc/TaxonRank#Species"/><ns2:subClassOf rdf:resource="http://ncbi.nlm.nih.gov/taxonomy/9533"/></rdf:Description><rdf:Description rdf:about="#ou1031"><ns1:toTaxon rdf:resource="http://ncbi.nlm.nih.gov/taxonomy/9459"/><ns2:subClassOf rdf:resource="http://ncbi.nlm.nih.gov/taxonomy/30615"/><ns1:rank rdf:resource="http://rs.tdwg.org/ontology/voc/TaxonRank#Genus"/></rdf:Description><rdf:Description rdf:about="#ou629"><ns2:subClassOf rdf:resource="http://ncbi.nlm.nih.gov/taxonomy/9486"/><ns1:rank rdf:resource="http://rs.tdwg.org/ontology/voc/TaxonRank#Species"/><ns1:toTaxon rdf:resource="http://ncbi.nlm.nih.gov/taxonomy/78454"/></rdf:Description><rdf:Description rdf:about="#ou554"><ns2:subClassOf rdf:resource="http://ncbi.nlm.nih.gov/taxonomy/9578"/><ns1:toTaxon rdf:resource="http://ncbi.nlm.nih.gov/taxonomy/9587"/><ns1:rank rdf:resource="http://rs.tdwg.org/ontology/voc/TaxonRank#Species"/></rdf:Description><rdf:Description rdf:about="#ou634"><ns1:toTaxon rdf:resource="http://ncbi.nlm.nih.gov/taxonomy/9548"/><ns2:subClassOf rdf:resource="http://ncbi.nlm.nih.gov/taxonomy/9539"/><ns1:rank rdf:resource="http://rs.tdwg.org/ontology/voc/TaxonRank#Species"/></rdf:Description><rdf:Description rdf:about="#ou544"><ns1:toTaxon rdf:resource="http://ncbi.nlm.nih.gov/taxonomy/9509"/><ns2:subClassOf rdf:resource="http://ncbi.nlm.nih.gov/taxonomy/9506"/><ns1:rank rdf:resource="http://rs.tdwg.org/ontology/voc/TaxonRank#Species"/></rdf:Description><rdf:Description rdf:about="#ou497"><ns1:toTaxon rdf:resource="http://ncbi.nlm.nih.gov/taxonomy/373033"/><ns1:rank rdf:resource="http://rs.tdwg.org/ontology/voc/TaxonRank#Species"/><ns2:subClassOf rdf:resource="http://ncbi.nlm.nih.gov/taxonomy/164647"/></rdf:Description><rdf:Description rdf:about="#ou600"><ns2:subClassOf rdf:resource="http://ncbi.nlm.nih.gov/taxonomy/9522"/><ns1:toTaxon rdf:resource="http://ncbi.nlm.nih.gov/taxonomy/202457"/><ns1:rank rdf:resource="http://rs.tdwg.org/ontology/voc/TaxonRank#Species"/></rdf:Description><rdf:Description rdf:about="#ou500"><ns2:subClassOf rdf:resource="http://ncbi.nlm.nih.gov/taxonomy/36230"/><ns1:toTaxon rdf:resource="http://ncbi.nlm.nih.gov/taxonomy/36231"/><ns1:rank rdf:resource="http://rs.tdwg.org/ontology/voc/TaxonRank#Species"/></rdf:Description><rdf:Description rdf:about="#ou597"><ns1:rank rdf:resource="http://rs.tdwg.org/ontology/voc/TaxonRank#Species"/><ns2:subClassOf rdf:resource="http://ncbi.nlm.nih.gov/taxonomy/9539"/><ns1:toTaxon rdf:resource="http://ncbi.nlm.nih.gov/taxonomy/9541"/></rdf:Description><rdf:Description rdf:about="#ou485"><ns2:subClassOf rdf:resource="http://ncbi.nlm.nih.gov/taxonomy/30593"/><ns1:toTaxon rdf:resource="http://ncbi.nlm.nih.gov/taxonomy/30594"/><ns1:rank rdf:resource="http://rs.tdwg.org/ontology/voc/TaxonRank#Species"/></rdf:Description><rdf:Description rdf:about="#ou658"><ns2:subClassOf rdf:resource="http://ncbi.nlm.nih.gov/taxonomy/9533"/><ns1:toTaxon rdf:resource="http://ncbi.nlm.nih.gov/taxonomy/9535"/><ns1:rank rdf:resource="http://rs.tdwg.org/ontology/voc/TaxonRank#Species"/></rdf:Description><rdf:Description rdf:about="#ou653"><ns1:toTaxon rdf:resource="http://ncbi.nlm.nih.gov/taxonomy/36228"/><ns1:rank rdf:resource="http://rs.tdwg.org/ontology/voc/TaxonRank#Species"/><ns2:subClassOf rdf:resource="http://ncbi.nlm.nih.gov/taxonomy/9533"/></rdf:Description><rdf:Description rdf:about="#ou493"><ns1:toTaxon rdf:resource="http://ncbi.nlm.nih.gov/taxonomy/9589"/><ns1:rank rdf:resource="http://rs.tdwg.org/ontology/voc/TaxonRank#Species"/><ns2:subClassOf rdf:resource="http://ncbi.nlm.nih.gov/taxonomy/9578"/></rdf:Description><rdf:Description rdf:about="#ou606"><ns1:rank rdf:resource="http://rs.tdwg.org/ontology/voc/TaxonRank#Species"/><ns1:toTaxon rdf:resource="http://ncbi.nlm.nih.gov/taxonomy/57175"/><ns2:subClassOf rdf:resource="http://ncbi.nlm.nih.gov/taxonomy/9504"/></rdf:Description><rdf:Description rdf:about="#ou691"><ns1:toTaxon rdf:resource="http://ncbi.nlm.nih.gov/taxonomy/9443"/><ns2:subClassOf rdf:resource="http://ncbi.nlm.nih.gov/taxonomy/314146"/><ns1:rank rdf:resource="http://rs.tdwg.org/ontology/voc/TaxonRank#Order"/></rdf:Description><rdf:Description rdf:about="#ou1703"><ns2:subClassOf rdf:resource="http://ncbi.nlm.nih.gov/taxonomy/9445"/><ns1:toTaxon rdf:resource="http://ncbi.nlm.nih.gov/taxonomy/9454"/><ns1:rank rdf:resource="http://rs.tdwg.org/ontology/voc/TaxonRank#Genus"/></rdf:Description><rdf:Description rdf:about="#ou512"><ns2:subClassOf rdf:resource="http://ncbi.nlm.nih.gov/taxonomy/9522"/><ns1:rank rdf:resource="http://rs.tdwg.org/ontology/voc/TaxonRank#Species"/></rdf:Description><rdf:Description rdf:about="#ou671"><ns1:toTaxon rdf:resource="http://ncbi.nlm.nih.gov/taxonomy/9527"/><ns2:subClassOf rdf:resource="http://ncbi.nlm.nih.gov/taxonomy/314294"/><ns1:rank rdf:resource="http://rs.tdwg.org/ontology/voc/TaxonRank#Family"/></rdf:Description><rdf:Description rdf:about="#ou1134"><ns1:rank rdf:resource="http://rs.tdwg.org/ontology/voc/TaxonRank#Genus"/><ns1:toTaxon rdf:resource="http://ncbi.nlm.nih.gov/taxonomy/9462"/><ns2:subClassOf rdf:resource="http://ncbi.nlm.nih.gov/taxonomy/40297"/></rdf:Description><rdf:Description rdf:about="#ou1319"><ns1:toTaxon rdf:resource="http://ncbi.nlm.nih.gov/taxonomy/75565"/><ns2:subClassOf rdf:resource="http://ncbi.nlm.nih.gov/taxonomy/9528"/><ns1:rank rdf:resource="http://rs.tdwg.org/ontology/voc/TaxonRank#Genus"/></rdf:Description><rdf:Description rdf:about="#ou897"><ns1:rank rdf:resource="http://rs.tdwg.org/ontology/voc/TaxonRank#Genus"/><ns1:toTaxon rdf:resource="http://ncbi.nlm.nih.gov/taxonomy/9494"/><ns2:subClassOf rdf:resource="http://ncbi.nlm.nih.gov/taxonomy/9480"/></rdf:Description><rdf:Description rdf:about="#ou487"><ns1:toTaxon rdf:resource="http://ncbi.nlm.nih.gov/taxonomy/9515"/><ns1:rank rdf:resource="http://rs.tdwg.org/ontology/voc/TaxonRank#Species"/><ns2:subClassOf rdf:resource="http://ncbi.nlm.nih.gov/taxonomy/9513"/></rdf:Description><rdf:Description rdf:about="#ou576"><ns2:subClassOf rdf:resource="http://ncbi.nlm.nih.gov/taxonomy/9522"/><ns1:rank rdf:resource="http://rs.tdwg.org/ontology/voc/TaxonRank#Species"/></rdf:Description><rdf:Description rdf:about="#ou725"><ns1:rank rdf:resource="http://rs.tdwg.org/ontology/voc/TaxonRank#Family"/><ns1:toTaxon rdf:resource="http://ncbi.nlm.nih.gov/taxonomy/378855"/><ns2:subClassOf rdf:resource="http://ncbi.nlm.nih.gov/taxonomy/9479"/></rdf:Description><rdf:Description rdf:about="#ou621"><ns1:toTaxon rdf:resource="http://ncbi.nlm.nih.gov/taxonomy/90385"/><ns1:rank rdf:resource="http://rs.tdwg.org/ontology/voc/TaxonRank#Species"/><ns2:subClassOf rdf:resource="http://ncbi.nlm.nih.gov/taxonomy/9539"/></rdf:Description><rdf:Description rdf:about="#ou1175"><ns1:rank rdf:resource="http://rs.tdwg.org/ontology/voc/TaxonRank#Superfamily"/><ns1:toTaxon rdf:resource="http://ncbi.nlm.nih.gov/taxonomy/314295"/><ns2:subClassOf rdf:resource="http://ncbi.nlm.nih.gov/taxonomy/9526"/></rdf:Description><rdf:Description rdf:about="#ou1567"><ns1:rank rdf:resource="http://rs.tdwg.org/ontology/voc/TaxonRank#Genus"/><ns2:subClassOf rdf:resource="http://ncbi.nlm.nih.gov/taxonomy/9569"/><ns1:toTaxon rdf:resource="http://ncbi.nlm.nih.gov/taxonomy/54132"/></rdf:Description><rdf:Description rdf:about="#ou490"><ns2:subClassOf rdf:resource="http://ncbi.nlm.nih.gov/taxonomy/9520"/><ns1:rank rdf:resource="http://rs.tdwg.org/ontology/voc/TaxonRank#Species"/></rdf:Description><rdf:Description rdf:about="#ou632"><ns1:rank rdf:resource="http://rs.tdwg.org/ontology/voc/TaxonRank#Species"/><ns2:subClassOf rdf:resource="http://ncbi.nlm.nih.gov/taxonomy/9573"/><ns1:toTaxon rdf:resource="http://ncbi.nlm.nih.gov/taxonomy/1046101"/></rdf:Description><rdf:Description rdf:about="#ou1217"><ns1:toTaxon rdf:resource="http://ncbi.nlm.nih.gov/taxonomy/325165"/><ns1:rank rdf:resource="http://rs.tdwg.org/ontology/voc/TaxonRank#Genus"/><ns2:subClassOf rdf:resource="http://ncbi.nlm.nih.gov/taxonomy/9577"/></rdf:Description><rdf:Description rdf:about="#ou547"><ns1:rank rdf:resource="http://rs.tdwg.org/ontology/voc/TaxonRank#Species"/><ns2:subClassOf rdf:resource="http://ncbi.nlm.nih.gov/taxonomy/9520"/><ns1:toTaxon rdf:resource="http://ncbi.nlm.nih.gov/taxonomy/70928"/></rdf:Description><rdf:Description rdf:about="#ou542"><ns2:subClassOf rdf:resource="http://ncbi.nlm.nih.gov/taxonomy/9506"/><ns1:rank rdf:resource="http://rs.tdwg.org/ontology/voc/TaxonRank#Species"/></rdf:Description><rdf:Description rdf:about="#ou1477"><ns1:rank rdf:resource="http://rs.tdwg.org/ontology/voc/TaxonRank#Genus"/><ns2:subClassOf rdf:resource="http://ncbi.nlm.nih.gov/taxonomy/30615"/><ns1:toTaxon rdf:resource="http://ncbi.nlm.nih.gov/taxonomy/261733"/></rdf:Description><rdf:Description rdf:about="#ou1078"><ns2:subClassOf rdf:resource="http://ncbi.nlm.nih.gov/taxonomy/30613"/><ns1:toTaxon rdf:resource="http://ncbi.nlm.nih.gov/taxonomy/13038"/><ns1:rank rdf:resource="http://rs.tdwg.org/ontology/voc/TaxonRank#Genus"/></rdf:Description><rdf:Description rdf:about="#ou443"><ns1:rank rdf:resource="http://rs.tdwg.org/ontology/voc/TaxonRank#Species"/><ns1:toTaxon rdf:resource="http://ncbi.nlm.nih.gov/taxonomy/662464"/><ns2:subClassOf rdf:resource="http://ncbi.nlm.nih.gov/taxonomy/9476"/></rdf:Description><rdf:Description rdf:about="#ou527"><ns2:subClassOf rdf:resource="http://ncbi.nlm.nih.gov/taxonomy/325165"/><ns1:rank rdf:resource="http://rs.tdwg.org/ontology/voc/TaxonRank#Species"/><ns1:toTaxon rdf:resource="http://ncbi.nlm.nih.gov/taxonomy/29089"/></rdf:Description><rdf:Description rdf:about="#ou706"><ns1:toTaxon rdf:resource="http://ncbi.nlm.nih.gov/taxonomy/376915"/><ns1:rank rdf:resource="http://rs.tdwg.org/ontology/voc/TaxonRank#Infraorder"/><ns2:subClassOf rdf:resource="http://ncbi.nlm.nih.gov/taxonomy/376911"/></rdf:Description><rdf:Description rdf:about="#ou710"><ns2:subClassOf rdf:resource="http://ncbi.nlm.nih.gov/taxonomy/9443"/><ns1:rank rdf:resource="http://rs.tdwg.org/ontology/voc/TaxonRank#Suborder"/><ns1:toTaxon rdf:resource="http://ncbi.nlm.nih.gov/taxonomy/376911"/></rdf:Description><rdf:Description rdf:about="#ou468"><ns1:rank rdf:resource="http://rs.tdwg.org/ontology/voc/TaxonRank#Species"/><ns1:toTaxon rdf:resource="http://ncbi.nlm.nih.gov/taxonomy/30592"/><ns2:subClassOf rdf:resource="http://ncbi.nlm.nih.gov/taxonomy/9522"/></rdf:Description><rdf:Description rdf:about="#ou610"><ns1:rank rdf:resource="http://rs.tdwg.org/ontology/voc/TaxonRank#Species"/><ns2:subClassOf rdf:resource="http://ncbi.nlm.nih.gov/taxonomy/9481"/><ns1:toTaxon rdf:resource="http://ncbi.nlm.nih.gov/taxonomy/9483"/></rdf:Description><rdf:Description rdf:about="#ou543"><ns2:subClassOf rdf:resource="http://ncbi.nlm.nih.gov/taxonomy/9506"/><ns1:toTaxon rdf:resource="http://ncbi.nlm.nih.gov/taxonomy/118643"/><ns1:rank rdf:resource="http://rs.tdwg.org/ontology/voc/TaxonRank#Species"/></rdf:Description><rdf:Description rdf:about="#ou829"><ns1:rank rdf:resource="http://rs.tdwg.org/ontology/voc/TaxonRank#Genus"/><ns1:toTaxon rdf:resource="http://ncbi.nlm.nih.gov/taxonomy/122245"/><ns2:subClassOf rdf:resource="http://ncbi.nlm.nih.gov/taxonomy/30599"/></rdf:Description><rdf:Description rdf:about="#ou498"><ns2:subClassOf rdf:resource="http://ncbi.nlm.nih.gov/taxonomy/9570"/><ns1:rank rdf:resource="http://rs.tdwg.org/ontology/voc/TaxonRank#Species"/><ns1:toTaxon rdf:resource="http://ncbi.nlm.nih.gov/taxonomy/517012"/></rdf:Description><rdf:Description rdf:about="#ou447"><ns1:toTaxon rdf:resource="http://ncbi.nlm.nih.gov/taxonomy/9472"/><ns2:subClassOf rdf:resource="http://ncbi.nlm.nih.gov/taxonomy/9471"/><ns1:rank rdf:resource="http://rs.tdwg.org/ontology/voc/TaxonRank#Species"/></rdf:Description><rdf:Description rdf:about="#ou478"><ns1:rank rdf:resource="http://rs.tdwg.org/ontology/voc/TaxonRank#Species"/><ns2:subClassOf rdf:resource="http://ncbi.nlm.nih.gov/taxonomy/9452"/><ns1:toTaxon rdf:resource="http://ncbi.nlm.nih.gov/taxonomy/78584"/></rdf:Description><rdf:Description rdf:about="#ou1648"><ns1:rank rdf:resource="http://rs.tdwg.org/ontology/voc/TaxonRank#Family"/><ns2:subClassOf rdf:resource="http://ncbi.nlm.nih.gov/taxonomy/376912"/><ns1:toTaxon rdf:resource="http://ncbi.nlm.nih.gov/taxonomy/9475"/></rdf:Description><rdf:Description rdf:about="#ou558"><ns2:subClassOf rdf:resource="http://ncbi.nlm.nih.gov/taxonomy/9570"/><ns1:toTaxon rdf:resource="http://ncbi.nlm.nih.gov/taxonomy/9572"/><ns1:rank rdf:resource="http://rs.tdwg.org/ontology/voc/TaxonRank#Species"/></rdf:Description><rdf:Description rdf:about="#ou536"><ns1:rank rdf:resource="http://rs.tdwg.org/ontology/voc/TaxonRank#Species"/><ns1:toTaxon rdf:resource="http://ncbi.nlm.nih.gov/taxonomy/34829"/><ns2:subClassOf rdf:resource="http://ncbi.nlm.nih.gov/taxonomy/13513"/></rdf:Description><rdf:Description rdf:about="#ou522"><ns1:rank rdf:resource="http://rs.tdwg.org/ontology/voc/TaxonRank#Species"/><ns1:toTaxon rdf:resource="http://ncbi.nlm.nih.gov/taxonomy/37293"/><ns2:subClassOf rdf:resource="http://ncbi.nlm.nih.gov/taxonomy/9504"/></rdf:Description><rdf:Description rdf:about="#ou963"><ns1:rank rdf:resource="http://rs.tdwg.org/ontology/voc/TaxonRank#Genus"/><ns1:toTaxon rdf:resource="http://ncbi.nlm.nih.gov/taxonomy/9529"/><ns2:subClassOf rdf:resource="http://ncbi.nlm.nih.gov/taxonomy/9528"/></rdf:Description><rdf:Description rdf:about="#ou531"><ns1:toTaxon rdf:resource="http://ncbi.nlm.nih.gov/taxonomy/54131"/><ns2:subClassOf rdf:resource="http://ncbi.nlm.nih.gov/taxonomy/9570"/><ns1:rank rdf:resource="http://rs.tdwg.org/ontology/voc/TaxonRank#Species"/></rdf:Description><rdf:Description rdf:about="#ou1192"><ns1:toTaxon rdf:resource="http://ncbi.nlm.nih.gov/taxonomy/1328069"/><ns1:rank rdf:resource="http://rs.tdwg.org/ontology/voc/TaxonRank#Genus"/><ns2:subClassOf rdf:resource="http://ncbi.nlm.nih.gov/taxonomy/9445"/></rdf:Description><rdf:Description rdf:about="#ou588"><ns1:toTaxon rdf:resource="http://ncbi.nlm.nih.gov/taxonomy/9580"/><ns1:rank rdf:resource="http://rs.tdwg.org/ontology/voc/TaxonRank#Species"/><ns2:subClassOf rdf:resource="http://ncbi.nlm.nih.gov/taxonomy/9578"/></rdf:Description><rdf:Description rdf:about="#ou532"><ns1:toTaxon rdf:resource="http://ncbi.nlm.nih.gov/taxonomy/75567"/><ns1:rank rdf:resource="http://rs.tdwg.org/ontology/voc/TaxonRank#Species"/><ns2:subClassOf rdf:resource="http://ncbi.nlm.nih.gov/taxonomy/75565"/></rdf:Description><rdf:Description rdf:about="#ou557"><ns1:rank rdf:resource="http://rs.tdwg.org/ontology/voc/TaxonRank#Species"/><ns1:toTaxon rdf:resource="http://ncbi.nlm.nih.gov/taxonomy/66062"/><ns2:subClassOf rdf:resource="http://ncbi.nlm.nih.gov/taxonomy/542827"/></rdf:Description><rdf:Description rdf:about="#ou623"><ns1:rank rdf:resource="http://rs.tdwg.org/ontology/voc/TaxonRank#Species"/><ns2:subClassOf rdf:resource="http://ncbi.nlm.nih.gov/taxonomy/9539"/><ns1:toTaxon rdf:resource="http://ncbi.nlm.nih.gov/taxonomy/9542"/></rdf:Description><rdf:Description rdf:about="#ou596"><ns1:toTaxon rdf:resource="http://ncbi.nlm.nih.gov/taxonomy/9540"/><ns2:subClassOf rdf:resource="http://ncbi.nlm.nih.gov/taxonomy/9539"/><ns1:rank rdf:resource="http://rs.tdwg.org/ontology/voc/TaxonRank#Species"/></rdf:Description><rdf:Description rdf:about=""><cc:license rdf:resource="http://creativecommons.org/publicdomain/zero/1.0/"/></rdf:Description><rdf:Description rdf:about="#ou721"><ns2:subClassOf rdf:resource="http://ncbi.nlm.nih.gov/taxonomy/378855"/><ns1:toTaxon rdf:resource="http://ncbi.nlm.nih.gov/taxonomy/38066"/><ns1:rank rdf:resource="http://rs.tdwg.org/ontology/voc/TaxonRank#Subfamily"/></rdf:Description><rdf:Description rdf:about="#ou515"><ns2:subClassOf rdf:resource="http://ncbi.nlm.nih.gov/taxonomy/9506"/><ns1:rank rdf:resource="http://rs.tdwg.org/ontology/voc/TaxonRank#Species"/><ns1:toTaxon rdf:resource="http://ncbi.nlm.nih.gov/taxonomy/9510"/></rdf:Description><rdf:Description rdf:about="#ou607"><ns2:subClassOf rdf:resource="http://ncbi.nlm.nih.gov/taxonomy/9481"/><ns1:toTaxon rdf:resource="http://ncbi.nlm.nih.gov/taxonomy/867363"/><ns1:rank rdf:resource="http://rs.tdwg.org/ontology/voc/TaxonRank#Species"/></rdf:Description><rdf:Description rdf:about="#ou631"><ns2:subClassOf rdf:resource="http://ncbi.nlm.nih.gov/taxonomy/54136"/><ns1:rank rdf:resource="http://rs.tdwg.org/ontology/voc/TaxonRank#Species"/><ns1:toTaxon rdf:resource="http://ncbi.nlm.nih.gov/taxonomy/54180"/></rdf:Description><rdf:Description rdf:about="#ou905"><ns1:toTaxon rdf:resource="http://ncbi.nlm.nih.gov/taxonomy/9498"/><ns2:subClassOf rdf:resource="http://ncbi.nlm.nih.gov/taxonomy/9479"/><ns1:rank rdf:resource="http://rs.tdwg.org/ontology/voc/TaxonRank#Family"/></rdf:Description><rdf:Description rdf:about="#ou635"><ns2:subClassOf rdf:resource="http://ncbi.nlm.nih.gov/taxonomy/9539"/><ns1:rank rdf:resource="http://rs.tdwg.org/ontology/voc/TaxonRank#Species"/><ns1:toTaxon rdf:resource="http://ncbi.nlm.nih.gov/taxonomy/9551"/></rdf:Description><rdf:Description rdf:about="#ou494"><ns2:subClassOf rdf:resource="http://ncbi.nlm.nih.gov/taxonomy/325165"/><ns1:toTaxon rdf:resource="http://ncbi.nlm.nih.gov/taxonomy/61852"/><ns1:rank rdf:resource="http://rs.tdwg.org/ontology/voc/TaxonRank#Species"/></rdf:Description><rdf:Description rdf:about="#ou675"><ns2:subClassOf rdf:resource="http://ncbi.nlm.nih.gov/taxonomy/9526"/><ns1:toTaxon rdf:resource="http://ncbi.nlm.nih.gov/taxonomy/314294"/><ns1:rank rdf:resource="http://rs.tdwg.org/ontology/voc/TaxonRank#Superfamily"/></rdf:Description><rdf:Description rdf:about="#ou546"><ns1:rank rdf:resource="http://rs.tdwg.org/ontology/voc/TaxonRank#Species"/><ns2:subClassOf rdf:resource="http://ncbi.nlm.nih.gov/taxonomy/9520"/><ns1:toTaxon rdf:resource="http://ncbi.nlm.nih.gov/taxonomy/66265"/></rdf:Description><rdf:Description rdf:about="#ou1062"><ns1:toTaxon rdf:resource="http://ncbi.nlm.nih.gov/taxonomy/9569"/><ns2:subClassOf rdf:resource="http://ncbi.nlm.nih.gov/taxonomy/9527"/><ns1:rank rdf:resource="http://rs.tdwg.org/ontology/voc/TaxonRank#Subfamily"/></rdf:Description><rdf:Description rdf:about="#ou587"><ns2:subClassOf rdf:resource="http://ncbi.nlm.nih.gov/taxonomy/9486"/><ns1:toTaxon rdf:resource="http://ncbi.nlm.nih.gov/taxonomy/37588"/><ns1:rank rdf:resource="http://rs.tdwg.org/ontology/voc/TaxonRank#Species"/></rdf:Description><rdf:Description rdf:about="#ou550"><ns2:subClassOf rdf:resource="http://ncbi.nlm.nih.gov/taxonomy/30587"/><ns1:rank rdf:resource="http://rs.tdwg.org/ontology/voc/TaxonRank#Species"/><ns1:toTaxon rdf:resource="http://ncbi.nlm.nih.gov/taxonomy/30588"/></rdf:Description><rdf:Description rdf:about="#ou667"><ns1:rank rdf:resource="http://rs.tdwg.org/ontology/voc/TaxonRank#Subfamily"/><ns1:toTaxon rdf:resource="http://ncbi.nlm.nih.gov/taxonomy/9528"/><ns2:subClassOf rdf:resource="http://ncbi.nlm.nih.gov/taxonomy/9527"/></rdf:Description><rdf:Description rdf:about="#ou1419"><ns2:subClassOf rdf:resource="http://ncbi.nlm.nih.gov/taxonomy/9569"/><ns1:rank rdf:resource="http://rs.tdwg.org/ontology/voc/TaxonRank#Genus"/><ns1:toTaxon rdf:resource="http://ncbi.nlm.nih.gov/taxonomy/1203020"/></rdf:Description><rdf:Description rdf:about="#ou601"><ns1:rank rdf:resource="http://rs.tdwg.org/ontology/voc/TaxonRank#Species"/><ns1:toTaxon rdf:resource="http://ncbi.nlm.nih.gov/taxonomy/867332"/><ns2:subClassOf rdf:resource="http://ncbi.nlm.nih.gov/taxonomy/9522"/></rdf:Description></rdf:RDF>
