<?xml version="1.0"?>
<simmap>
	<data ntaxa="129" nchars="" datatype="standard">
		<seq name=""></seq>
		<seq name=""></seq>
		<seq name=""></seq>
		<seq name=""></seq>
		<seq name=""></seq>
		<seq name=""></seq>
		<seq name=""></seq>
		<seq name=""></seq>
		<seq name=""></seq>
		<seq name=""></seq>
		<seq name=""></seq>
		<seq name=""></seq>
		<seq name=""></seq>
		<seq name=""></seq>
		<seq name=""></seq>
		<seq name=""></seq>
		<seq name=""></seq>
		<seq name=""></seq>
		<seq name=""></seq>
		<seq name=""></seq>
		<seq name=""></seq>
		<seq name=""></seq>
		<seq name=""></seq>
		<seq name=""></seq>
		<seq name=""></seq>
		<seq name=""></seq>
		<seq name=""></seq>
		<seq name=""></seq>
		<seq name=""></seq>
		<seq name=""></seq>
		<seq name=""></seq>
		<seq name=""></seq>
		<seq name=""></seq>
		<seq name=""></seq>
		<seq name=""></seq>
		<seq name=""></seq>
		<seq name=""></seq>
		<seq name=""></seq>
		<seq name=""></seq>
		<seq name=""></seq>
		<seq name=""></seq>
		<seq name=""></seq>
		<seq name=""></seq>
		<seq name=""></seq>
		<seq name=""></seq>
		<seq name=""></seq>
		<seq name=""></seq>
		<seq name=""></seq>
		<seq name=""></seq>
		<seq name=""></seq>
		<seq name=""></seq>
		<seq name=""></seq>
		<seq name=""></seq>
		<seq name=""></seq>
		<seq name=""></seq>
		<seq name=""></seq>
		<seq name=""></seq>
		<seq name=""></seq>
		<seq name=""></seq>
		<seq name=""></seq>
		<seq name=""></seq>
		<seq name=""></seq>
		<seq name=""></seq>
		<seq name=""></seq>
		<seq name=""></seq>
		<seq name=""></seq>
		<seq name=""></seq>
		<seq name=""></seq>
		<seq name=""></seq>
		<seq name=""></seq>
		<seq name=""></seq>
		<seq name=""></seq>
		<seq name=""></seq>
		<seq name=""></seq>
		<seq name=""></seq>
		<seq name=""></seq>
		<seq name=""></seq>
		<seq name=""></seq>
		<seq name=""></seq>
		<seq name=""></seq>
		<seq name=""></seq>
		<seq name=""></seq>
		<seq name=""></seq>
		<seq name=""></seq>
		<seq name=""></seq>
		<seq name=""></seq>
		<seq name=""></seq>
		<seq name=""></seq>
		<seq name=""></seq>
		<seq name=""></seq>
		<seq name=""></seq>
		<seq name=""></seq>
		<seq name=""></seq>
		<seq name=""></seq>
		<seq name=""></seq>
		<seq name=""></seq>
		<seq name=""></seq>
		<seq name=""></seq>
		<seq name=""></seq>
		<seq name=""></seq>
		<seq name=""></seq>
		<seq name=""></seq>
		<seq name=""></seq>
		<seq name=""></seq>
		<seq name=""></seq>
		<seq name=""></seq>
		<seq name=""></seq>
		<seq name=""></seq>
		<seq name=""></seq>
		<seq name=""></seq>
		<seq name=""></seq>
		<seq name=""></seq>
		<seq name=""></seq>
		<seq name=""></seq>
		<seq name=""></seq>
		<seq name=""></seq>
		<seq name=""></seq>
		<seq name=""></seq>
		<seq name=""></seq>
		<seq name=""></seq>
		<seq name=""></seq>
		<seq name=""></seq>
		<seq name=""></seq>
		<seq name=""></seq>
		<seq name=""></seq>
		<seq name=""></seq>
		<seq name=""></seq>
		<seq name=""></seq>
		<seq name=""></seq>
	</data>
	<trees>
		<translate id="1">t1</translate>
		<translate id="2">t2</translate>
		<translate id="3">t3</translate>
		<translate id="4">t4</translate>
		<translate id="5">t5</translate>
		<translate id="6">t6</translate>
		<translate id="7">t7</translate>
		<translate id="8">t8</translate>
		<translate id="9">t9</translate>
		<translate id="10">t10</translate>
		<translate id="11">t11</translate>
		<translate id="12">t12</translate>
		<translate id="13">t13</translate>
		<translate id="14">t14</translate>
		<translate id="15">t15</translate>
		<translate id="16">t16</translate>
		<translate id="17">t17</translate>
		<translate id="18">t18</translate>
		<translate id="19">t19</translate>
		<translate id="20">t20</translate>
		<translate id="21">t21</translate>
		<translate id="22">t22</translate>
		<translate id="23">t23</translate>
		<translate id="24">t24</translate>
		<translate id="25">t25</translate>
		<translate id="26">t26</translate>
		<translate id="27">t27</translate>
		<translate id="28">t28</translate>
		<translate id="29">t29</translate>
		<translate id="30">t30</translate>
		<translate id="31">t31</translate>
		<translate id="32">t32</translate>
		<translate id="33">t33</translate>
		<translate id="34">t34</translate>
		<translate id="35">t35</translate>
		<translate id="36">t36</translate>
		<translate id="37">t37</translate>
		<translate id="38">t38</translate>
		<translate id="39">t39</translate>
		<translate id="40">t40</translate>
		<translate id="41">t41</translate>
		<translate id="42">t42</translate>
		<translate id="43">t43</translate>
		<translate id="44">t44</translate>
		<translate id="45">t45</translate>
		<translate id="46">t46</translate>
		<translate id="47">t47</translate>
		<translate id="48">t48</translate>
		<translate id="49">t49</translate>
		<translate id="50">t50</translate>
		<translate id="51">t51</translate>
		<translate id="52">t52</translate>
		<translate id="53">t53</translate>
		<translate id="54">t54</translate>
		<translate id="55">t55</translate>
		<translate id="56">t56</translate>
		<translate id="57">t57</translate>
		<translate id="58">t58</translate>
		<translate id="59">t59</translate>
		<translate id="60">t60</translate>
		<translate id="61">t61</translate>
		<translate id="62">t62</translate>
		<translate id="63">t63</translate>
		<translate id="64">t64</translate>
		<translate id="65">t65</translate>
		<translate id="66">t66</translate>
		<translate id="67">t67</translate>
		<translate id="68">t68</translate>
		<translate id="69">t69</translate>
		<translate id="70">t70</translate>
		<translate id="71">t71</translate>
		<translate id="72">t72</translate>
		<translate id="73">t73</translate>
		<translate id="74">t74</translate>
		<translate id="75">t75</translate>
		<translate id="76">t76</translate>
		<translate id="77">t77</translate>
		<translate id="78">t78</translate>
		<translate id="79">t79</translate>
		<translate id="80">t80</translate>
		<translate id="81">t81</translate>
		<translate id="82">t82</translate>
		<translate id="83">t83</translate>
		<translate id="84">t84</translate>
		<translate id="85">t85</translate>
		<translate id="86">t86</translate>
		<translate id="87">t87</translate>
		<translate id="88">t88</translate>
		<translate id="89">t89</translate>
		<translate id="90">t90</translate>
		<translate id="91">t91</translate>
		<translate id="92">t92</translate>
		<translate id="93">t93</translate>
		<translate id="94">t94</translate>
		<translate id="95">t95</translate>
		<translate id="96">t96</translate>
		<translate id="97">t97</translate>
		<translate id="98">t98</translate>
		<translate id="99">t99</translate>
		<translate id="100">t100</translate>
		<translate id="101">t101</translate>
		<translate id="102">t102</translate>
		<translate id="103">t103</translate>
		<translate id="104">t104</translate>
		<translate id="105">t105</translate>
		<translate id="106">t106</translate>
		<translate id="107">t107</translate>
		<translate id="108">t108</translate>
		<translate id="109">t109</translate>
		<translate id="110">t110</translate>
		<translate id="111">t111</translate>
		<translate id="112">t112</translate>
		<translate id="113">t113</translate>
		<translate id="114">t114</translate>
		<translate id="115">t115</translate>
		<translate id="116">t116</translate>
		<translate id="117">t117</translate>
		<translate id="118">t118</translate>
		<translate id="119">t119</translate>
		<translate id="120">t120</translate>
		<translate id="121">t121</translate>
		<translate id="122">t122</translate>
		<translate id="123">t123</translate>
		<translate id="124">t124</translate>
		<translate id="125">t125</translate>
		<translate id="126">t126</translate>
		<translate id="127">t127</translate>
		<translate id="128">t128</translate>
		<translate id="129">t129</translate>
		<tree>(((((((((1:0.029712,2:0.029712):0.081255,3:0.110967):0.082038,4:0.193005):0.0653,(5:0.227507,(6:0.114204,((7:0.022164,8:0.022164):0.078416,9:0.10058):0.013624):0.113303):0.030798):0.022745,(10:0.036822,11:0.036822):0.244228):0.301951,((12:0.13643,(13:0.066417,14:0.066417):0.070013):0.313489,(((15:0.181312,(16:0.040903,17:0.040903):0.140409):0.047569,18:0.228881):0.024976,19:0.253857):0.196062):0.133082):0.142307,(((((20:0.061614,((21:0.012292,22:0.012292):0.004394,23:0.016686):0.044928):0.333716,(24:0.283505,((25:0.047565,26:0.047565):0.163808,(27:0.054112,28:0.054112):0.157261):0.072132):0.111825):0.003716,((((29:0.018011,30:0.018011):0.161776,31:0.179787):0.031075,32:0.210862):0.008284,((33:0.04511,(34:0.025024,35:0.025024):0.020086):0.022372,36:0.067482):0.151664):0.1799):0.066447,(((37:0.134245,(38:0.058193,39:0.058193):0.076052):0.11923,((40:0.029424,41:0.029424):0.064453,(42:0.088798,(43:0.006835,44:0.006835):0.081963):0.005079):0.159598):0.201775,(45:0.283876,(46:0.054755,47:0.054755):0.229121):0.171374):0.010243):0.082374,((48:0.014428,49:0.014428):0.0732,(50:0.079839,(51:0.063663,52:0.063663):0.016176):0.007789):0.460239):0.177441):0.093657,(53:0.190817,54:0.190817):0.628148):0.181035,(((55:0.390139,56:0.390139):0.141789,((57:0.287908,58:0.287908):0.192207,((59:0.001281,60:0.001281):0.402151,(((61:0.170246,((62:0.048774,63:0.048774):0.063415,64:0.112189):0.058057):0.100141,65:0.270387):0.10385,66:0.374237):0.029195):0.076683):0.051813):0.302289,(((((67:0.198747,68:0.198747):0.084922,((69:0.050633,70:0.050633):0.204302,(71:0.234648,(72:0.193941,(73:0.057538,(74:0.039504,75:0.039504):0.018034):0.136403):0.040707):0.020287):0.028734):0.096779,((((((76:0.067239,77:0.067239):0.040487,(78:0.080094,79:0.080094):0.027632):0.050747,(80:0.022775,81:0.022775):0.135698):0.103693,(82:0.185482,83:0.185482):0.076684):0.04376,(84:0.022435,85:0.022435):0.283491):0.018402,86:0.324328):0.05612):0.066885,(87:0.09773,88:0.09773):0.349603):0.374617,((((((((89:0.011431,90:0.011431):0.141046,91:0.152477):0.034806,92:0.187283):0.105663,(93:0.002354,94:0.002354):0.290592):0.111032,((((95:0.163727,(96:0.011349,97:0.011349):0.152378):0.18617,98:0.349897):0.014207,(99:0.042468,100:0.042468):0.321636):0.019155,(101:0.105583,(102:0.064286,103:0.064286):0.041297):0.277676):0.020719):0.162541,104:0.566519):0.069693,((105:0.004823,106:0.004823):0.553279,(((107:0.058968,108:0.058968):0.012749,109:0.071717):0.136388,110:0.208105):0.349997):0.07811):0.032159,(((111:0.310714,112:0.310714):0.2969,(((113:0.321349,114:0.321349):0.12059,((115:0.122887,116:0.122887):0.193406,(117:0.253592,(118:0.171163,119:0.171163):0.082429):0.062701):0.125646):0.066612,(120:0.056834,121:0.056834):0.451717):0.099063):0.027002,((((122:0.024476,123:0.024476):0.170791,124:0.195267):0.014201,125:0.209468):0.221987,((126:0.042169,127:0.042169):0.050774,(128:0.03018,129:0.03018):0.062763):0.338512):0.203161):0.033755):0.153579):0.012267):0.165783)</tree>
	</trees>
</simmap>
