<nex:nexml xmlns:nex="http://www.nexml.org/2009" xmlns:xsi="http://www.w3.org/2001/XMLSchema-instance" xmlns:cdao="http://purl.obolibrary.org/obo/cdao.owl" xmlns:xsd="http://www.w3.org/2001/XMLSchema#" xmlns:dc="http://purl.org/dc/elements/1.1/" xmlns:dcterms="http://purl.org/dc/terms/" xmlns:ter="http://purl.org/dc/terms/" xmlns:prism="http://prismstandard.org/namespaces/1.2/basic/" xmlns:cc="http://creativecommons.org/ns#" xmlns:ncbi="http://www.ncbi.nlm.nih.gov/taxonomy#" xmlns:tc="http://rs.tdwg.org/ontology/voc/TaxonConcept#" xmlns="http://www.nexml.org/2009" xmlns:simmap="https://github.com/ropensci/RNeXML/tree/master/inst/simmap.md" version="0.9" generator="RNeXML">
  <meta xsi:type="LiteralMeta" id="m4" property="dc:creator" datatype="xsd:string" content="lapp"/>
  <meta xsi:type="ResourceMeta" id="m5" href="http://creativecommons.org/publicdomain/zero/1.0/" rel="cc:license"/>
  <meta xsi:type="LiteralMeta" id="m6" property="dcterms:bibliographicCitation" datatype="xsd:string"/>
  <otus about="#uuid-34e2f6ad-5966-4b65-882d-f5d1dd14a79d" id="uuid-34e2f6ad-5966-4b65-882d-f5d1dd14a79d">
    <otu about="#uuid-cd0ace7d-af36-4ab2-b38a-adbc2d9ee0d5" label="t1" id="uuid-cd0ace7d-af36-4ab2-b38a-adbc2d9ee0d5"/>
    <otu about="#uuid-fd18a535-758c-4884-92fa-b1b0700c1a8e" label="t2" id="uuid-fd18a535-758c-4884-92fa-b1b0700c1a8e"/>
    <otu about="#uuid-dfff238b-f6d4-4b37-8919-70bd3893d7c2" label="t3" id="uuid-dfff238b-f6d4-4b37-8919-70bd3893d7c2"/>
    <otu about="#uuid-fec91c23-d162-4cae-b8c9-dd7b69ef5182" label="t4" id="uuid-fec91c23-d162-4cae-b8c9-dd7b69ef5182"/>
    <otu about="#uuid-faa1db69-223a-406d-9033-cab619db2163" label="t5" id="uuid-faa1db69-223a-406d-9033-cab619db2163"/>
    <otu about="#uuid-8427bc9b-d262-47fb-a1da-0b17a122069e" label="t6" id="uuid-8427bc9b-d262-47fb-a1da-0b17a122069e"/>
    <otu about="#uuid-ed2baf58-512a-4591-8f8a-9be3e294b9e8" label="t7" id="uuid-ed2baf58-512a-4591-8f8a-9be3e294b9e8"/>
    <otu about="#uuid-51579c92-a216-4e31-98e9-3dcd7c7f53f2" label="t8" id="uuid-51579c92-a216-4e31-98e9-3dcd7c7f53f2"/>
    <otu about="#uuid-f97b72cb-ecd6-480c-a5e8-96cc44c099a4" label="t9" id="uuid-f97b72cb-ecd6-480c-a5e8-96cc44c099a4"/>
    <otu about="#uuid-08af126a-23f2-4909-acc6-a4e23aa8ddfd" label="t10" id="uuid-08af126a-23f2-4909-acc6-a4e23aa8ddfd"/>
    <otu about="#uuid-53955816-4162-4f84-a13b-c2a1bc43337b" label="t11" id="uuid-53955816-4162-4f84-a13b-c2a1bc43337b"/>
    <otu about="#uuid-3711f3fa-18bc-483a-ad94-ec81402aecbc" label="t12" id="uuid-3711f3fa-18bc-483a-ad94-ec81402aecbc"/>
    <otu about="#uuid-219cda0e-84e4-4324-8859-a2b7104d988c" label="t13" id="uuid-219cda0e-84e4-4324-8859-a2b7104d988c"/>
    <otu about="#uuid-fdfcdbe6-5bce-41f4-b0e2-ee2fbd57a162" label="t14" id="uuid-fdfcdbe6-5bce-41f4-b0e2-ee2fbd57a162"/>
    <otu about="#uuid-2531c58f-e4e5-463d-8a85-ec42833d296a" label="t15" id="uuid-2531c58f-e4e5-463d-8a85-ec42833d296a"/>
    <otu about="#uuid-afc2e057-d60b-4f03-90ff-14ca16fe5c86" label="t16" id="uuid-afc2e057-d60b-4f03-90ff-14ca16fe5c86"/>
    <otu about="#uuid-3ccc35a4-5b4b-491f-a515-45a0efd9a550" label="t17" id="uuid-3ccc35a4-5b4b-491f-a515-45a0efd9a550"/>
    <otu about="#uuid-aa0962e7-0c23-4aaa-b0f6-312514baf73a" label="t18" id="uuid-aa0962e7-0c23-4aaa-b0f6-312514baf73a"/>
  </otus>
  <otus about="#uuid-e2e3cdf8-5cf7-4a72-aa27-bf8873fdca23" id="uuid-e2e3cdf8-5cf7-4a72-aa27-bf8873fdca23">
    <otu about="#uuid-a9a9dfd6-f207-46a6-af7c-5ee567e4c61a" label="1" id="uuid-a9a9dfd6-f207-46a6-af7c-5ee567e4c61a"/>
    <otu about="#uuid-60c67648-165a-49f3-973b-72e054ba7707" label="2" id="uuid-60c67648-165a-49f3-973b-72e054ba7707"/>
    <otu about="#uuid-a6297668-a4c7-49a0-b604-aa3b5ce28a65" label="3" id="uuid-a6297668-a4c7-49a0-b604-aa3b5ce28a65"/>
    <otu about="#uuid-1522ccc8-c73c-4e6f-8f51-8cd4c8ee8dc0" label="4" id="uuid-1522ccc8-c73c-4e6f-8f51-8cd4c8ee8dc0"/>
    <otu about="#uuid-8e1fbcb4-8157-40e5-8aa4-4a9f728941e7" label="5" id="uuid-8e1fbcb4-8157-40e5-8aa4-4a9f728941e7"/>
    <otu about="#uuid-185ce2c1-a07c-4afe-a978-b81a22c8f5f4" label="6" id="uuid-185ce2c1-a07c-4afe-a978-b81a22c8f5f4"/>
    <otu about="#uuid-037090fd-0866-403a-929c-63b24590e268" label="7" id="uuid-037090fd-0866-403a-929c-63b24590e268"/>
    <otu about="#uuid-58d7be34-a61c-4de1-8b03-f0852353edad" label="8" id="uuid-58d7be34-a61c-4de1-8b03-f0852353edad"/>
    <otu about="#uuid-e7c8318d-6ab4-4711-b395-bb75dac8df7a" label="9" id="uuid-e7c8318d-6ab4-4711-b395-bb75dac8df7a"/>
    <otu about="#uuid-18ac4538-9a9e-4e2a-88c8-e5a4ee9d7b9b" label="10" id="uuid-18ac4538-9a9e-4e2a-88c8-e5a4ee9d7b9b"/>
    <otu about="#uuid-94b7b113-b155-4273-acb9-06daf6732807" label="11" id="uuid-94b7b113-b155-4273-acb9-06daf6732807"/>
    <otu about="#uuid-d4d75ca8-dbc9-4e17-8aef-36285adf2264" label="12" id="uuid-d4d75ca8-dbc9-4e17-8aef-36285adf2264"/>
    <otu about="#uuid-7d76ea38-72e8-46ce-a0a5-8f5f169fb164" label="13" id="uuid-7d76ea38-72e8-46ce-a0a5-8f5f169fb164"/>
    <otu about="#uuid-dc1d4110-a9b6-47aa-baac-4c142c400069" label="14" id="uuid-dc1d4110-a9b6-47aa-baac-4c142c400069"/>
    <otu about="#uuid-293fa623-d90a-4fce-a163-0ac20fb7ad5b" label="15" id="uuid-293fa623-d90a-4fce-a163-0ac20fb7ad5b"/>
    <otu about="#uuid-057aea23-8b05-42e1-b317-c132bb8a206e" label="16" id="uuid-057aea23-8b05-42e1-b317-c132bb8a206e"/>
    <otu about="#uuid-538d9a40-887b-4d95-8869-b11e228377d9" label="17" id="uuid-538d9a40-887b-4d95-8869-b11e228377d9"/>
    <otu about="#uuid-91478297-5181-4d88-bdbb-68f52af3b66a" label="18" id="uuid-91478297-5181-4d88-bdbb-68f52af3b66a"/>
  </otus>
  <trees about="#uuid-7a2a0992-ca0f-49a0-ab38-2e8442f8e76e" id="uuid-7a2a0992-ca0f-49a0-ab38-2e8442f8e76e" otus="uuid-34e2f6ad-5966-4b65-882d-f5d1dd14a79d">
    <tree xsi:type="FloatTree" about="#uuid-1eb7ab44-4b92-4243-b0b8-d9ffe7814bd6" id="uuid-1eb7ab44-4b92-4243-b0b8-d9ffe7814bd6">
      <node about="#uuid-8a618d87-517f-48de-9610-622c653fcdab" id="uuid-8a618d87-517f-48de-9610-622c653fcdab"/>
      <node about="#uuid-94eb3202-4633-4e5e-a8f9-bdb8b3a0e93f" id="uuid-94eb3202-4633-4e5e-a8f9-bdb8b3a0e93f"/>
      <node about="#uuid-7633cc2e-49e5-4301-9a65-a261d9b01fa1" id="uuid-7633cc2e-49e5-4301-9a65-a261d9b01fa1"/>
      <node about="#uuid-dc037261-151a-41a0-96db-aa21ba516a5d" id="uuid-dc037261-151a-41a0-96db-aa21ba516a5d"/>
      <node about="#uuid-5383c0be-53e3-42fa-876d-0234e7176caf" id="uuid-5383c0be-53e3-42fa-876d-0234e7176caf"/>
      <node about="#uuid-c1310308-96c6-4e7a-9563-d651411afc72" id="uuid-c1310308-96c6-4e7a-9563-d651411afc72"/>
      <node about="#uuid-60163b00-f4d6-43ec-b065-933a080c872d" id="uuid-60163b00-f4d6-43ec-b065-933a080c872d"/>
      <node about="#uuid-f3528a42-fc6b-4736-955d-ee0bc4eea18a" id="uuid-f3528a42-fc6b-4736-955d-ee0bc4eea18a"/>
      <node about="#uuid-a6174257-8520-4736-9b8b-758aa5b2a042" id="uuid-a6174257-8520-4736-9b8b-758aa5b2a042"/>
      <node about="#uuid-86f40fb1-bb4b-43f7-97a3-6a88b880c84b" id="uuid-86f40fb1-bb4b-43f7-97a3-6a88b880c84b"/>
      <node about="#uuid-6c4d6a05-bc99-4a9a-b693-6b4ed513c130" id="uuid-6c4d6a05-bc99-4a9a-b693-6b4ed513c130"/>
      <node about="#uuid-1b67714c-859a-4f2e-887d-b8688497fa2c" id="uuid-1b67714c-859a-4f2e-887d-b8688497fa2c"/>
      <node about="#uuid-50251a37-2f8c-4421-a486-e614478f42a4" id="uuid-50251a37-2f8c-4421-a486-e614478f42a4"/>
      <node about="#uuid-cb0ac31e-b371-49bf-a4e3-6ea3e11111e6" id="uuid-cb0ac31e-b371-49bf-a4e3-6ea3e11111e6"/>
      <node about="#uuid-ab8cca5f-bc27-414d-a9a7-a08f497e935a" id="uuid-ab8cca5f-bc27-414d-a9a7-a08f497e935a"/>
      <node about="#uuid-6c3dde70-1744-462a-a415-7411107a002c" id="uuid-6c3dde70-1744-462a-a415-7411107a002c"/>
      <node about="#uuid-a4d4e544-7838-47a7-a31d-db3f19366802" id="uuid-a4d4e544-7838-47a7-a31d-db3f19366802"/>
      <node about="#uuid-c2dfd533-a3af-4ee8-b242-2533b22b1c3e" id="uuid-c2dfd533-a3af-4ee8-b242-2533b22b1c3e" otu="uuid-cd0ace7d-af36-4ab2-b38a-adbc2d9ee0d5"/>
      <node about="#uuid-b449627a-7a7b-4469-87c3-7c842746037c" id="uuid-b449627a-7a7b-4469-87c3-7c842746037c" otu="uuid-fd18a535-758c-4884-92fa-b1b0700c1a8e"/>
      <node about="#uuid-41239f47-8950-41fe-878c-5cf8645fb5e9" id="uuid-41239f47-8950-41fe-878c-5cf8645fb5e9" otu="uuid-dfff238b-f6d4-4b37-8919-70bd3893d7c2"/>
      <node about="#uuid-f780a8b1-bde5-48a6-8632-9b10b5f1f997" id="uuid-f780a8b1-bde5-48a6-8632-9b10b5f1f997" otu="uuid-fec91c23-d162-4cae-b8c9-dd7b69ef5182"/>
      <node about="#uuid-149bc76a-5ca9-4800-9217-098f23f8a172" id="uuid-149bc76a-5ca9-4800-9217-098f23f8a172" otu="uuid-faa1db69-223a-406d-9033-cab619db2163"/>
      <node about="#uuid-6860dbd4-78f8-49bd-bf07-48c0cbd81522" id="uuid-6860dbd4-78f8-49bd-bf07-48c0cbd81522" otu="uuid-8427bc9b-d262-47fb-a1da-0b17a122069e"/>
      <node about="#uuid-fb7d6c95-580b-4ed4-84f1-af566b2b170c" id="uuid-fb7d6c95-580b-4ed4-84f1-af566b2b170c" otu="uuid-ed2baf58-512a-4591-8f8a-9be3e294b9e8"/>
      <node about="#uuid-1df6a810-fe4d-4322-9380-ccbf068a58b8" id="uuid-1df6a810-fe4d-4322-9380-ccbf068a58b8" otu="uuid-51579c92-a216-4e31-98e9-3dcd7c7f53f2"/>
      <node about="#uuid-a99f28ca-3cba-4446-9012-8a9db92a319e" id="uuid-a99f28ca-3cba-4446-9012-8a9db92a319e" otu="uuid-f97b72cb-ecd6-480c-a5e8-96cc44c099a4"/>
      <node about="#uuid-55d442ba-bdcf-4e3e-819a-976ad61b58e7" id="uuid-55d442ba-bdcf-4e3e-819a-976ad61b58e7" otu="uuid-08af126a-23f2-4909-acc6-a4e23aa8ddfd"/>
      <node about="#uuid-ac3f6068-1da2-4ae4-aeb4-07cad8599675" id="uuid-ac3f6068-1da2-4ae4-aeb4-07cad8599675" otu="uuid-53955816-4162-4f84-a13b-c2a1bc43337b"/>
      <node about="#uuid-c7d07340-9047-442c-a89c-bf00074a9ee1" id="uuid-c7d07340-9047-442c-a89c-bf00074a9ee1" otu="uuid-3711f3fa-18bc-483a-ad94-ec81402aecbc"/>
      <node about="#uuid-7db4a7d9-1276-4157-8356-91d3f5e1d790" id="uuid-7db4a7d9-1276-4157-8356-91d3f5e1d790" otu="uuid-219cda0e-84e4-4324-8859-a2b7104d988c"/>
      <node about="#uuid-f00d16af-06db-4772-a936-635021df8686" id="uuid-f00d16af-06db-4772-a936-635021df8686" otu="uuid-fdfcdbe6-5bce-41f4-b0e2-ee2fbd57a162"/>
      <node about="#uuid-5ba3c89a-a22c-45d6-8fa1-217b86ca9233" id="uuid-5ba3c89a-a22c-45d6-8fa1-217b86ca9233" otu="uuid-2531c58f-e4e5-463d-8a85-ec42833d296a"/>
      <node about="#uuid-d1d55ebe-8c74-4c32-b92f-654a4cf39597" id="uuid-d1d55ebe-8c74-4c32-b92f-654a4cf39597" otu="uuid-afc2e057-d60b-4f03-90ff-14ca16fe5c86"/>
      <node about="#uuid-26bb8022-cd25-4678-8dbb-56c358ce27ea" id="uuid-26bb8022-cd25-4678-8dbb-56c358ce27ea" otu="uuid-3ccc35a4-5b4b-491f-a515-45a0efd9a550"/>
      <node about="#uuid-d140c390-f4d8-431d-8b34-498f6fae23c6" id="uuid-d140c390-f4d8-431d-8b34-498f6fae23c6" otu="uuid-aa0962e7-0c23-4aaa-b0f6-312514baf73a"/>
      <edge about="#uuid-5ace4dd1-3313-4e39-b61e-467fbd3462bd" id="uuid-5ace4dd1-3313-4e39-b61e-467fbd3462bd" source="uuid-8a618d87-517f-48de-9610-622c653fcdab" target="uuid-94eb3202-4633-4e5e-a8f9-bdb8b3a0e93f" length="0.181035">
        <meta xsi:type="ResourceMeta" id="uuid-87ad138b-58ac-4ef8-ba46-5cad9f7c51e9" rel="simmap:reconstructions">
          <meta xsi:type="ResourceMeta" id="uuid-46591734-f1f6-4a73-9c08-8d6f516c942c" rel="simmap:reconstruction">
            <meta xsi:type="LiteralMeta" id="uuid-cbb22aae-212c-4dfc-9d78-57071e3e3a59" property="simmap:char" datatype="xsd:string"/>
            <meta xsi:type="ResourceMeta" id="uuid-67c3acc5-0cde-416d-86b9-1757eff36654" rel="simmap:stateChange">
              <meta xsi:type="LiteralMeta" id="uuid-87020668-c3ca-4961-99e9-7b093b3bb7d6" property="simmap:order" datatype="xsd:decimal" content="1"/>
              <meta xsi:type="LiteralMeta" id="uuid-44a5b363-c8e1-46a4-be6a-b967178efcea" property="simmap:length" datatype="xsd:decimal" content="0.181035"/>
              <meta xsi:type="LiteralMeta" id="uuid-3548ee63-ee1b-4f8d-b470-c2adde54081c" property="simmap:state" datatype="xsd:string" content="B"/>
            </meta>
          </meta>
        </meta>
      </edge>
      <edge about="#uuid-4a9d7125-969c-4089-ba10-a9320798a953" id="uuid-4a9d7125-969c-4089-ba10-a9320798a953" source="uuid-94eb3202-4633-4e5e-a8f9-bdb8b3a0e93f" target="uuid-7633cc2e-49e5-4301-9a65-a261d9b01fa1" length="0.0936569999999994">
        <meta xsi:type="ResourceMeta" id="uuid-8bc9cbcf-4d9f-412d-97b5-0a2027b92bd1" rel="simmap:reconstructions">
          <meta xsi:type="ResourceMeta" id="uuid-bd28e2fd-34e9-42a4-92aa-b015d5afdb38" rel="simmap:reconstruction">
            <meta xsi:type="LiteralMeta" id="uuid-1c9c34a7-0a29-44c8-80d9-e59adcace0e2" property="simmap:char" datatype="xsd:string"/>
            <meta xsi:type="ResourceMeta" id="uuid-aa75d4aa-cbf4-40fe-92d7-fb1ea582e658" rel="simmap:stateChange">
              <meta xsi:type="LiteralMeta" id="uuid-2b945269-2adb-4250-8cfc-02dda299f2af" property="simmap:order" datatype="xsd:decimal" content="1"/>
              <meta xsi:type="LiteralMeta" id="uuid-9eb64dec-d200-4078-bce4-0c7a0584cb51" property="simmap:length" datatype="xsd:decimal" content="0.0936569999999994"/>
              <meta xsi:type="LiteralMeta" id="uuid-c4291dbc-702d-4def-9561-7d4d2142a9bf" property="simmap:state" datatype="xsd:string" content="B"/>
            </meta>
          </meta>
        </meta>
      </edge>
      <edge about="#uuid-704c2f11-968a-4977-9e64-2099fc020502" id="uuid-704c2f11-968a-4977-9e64-2099fc020502" source="uuid-7633cc2e-49e5-4301-9a65-a261d9b01fa1" target="uuid-dc037261-151a-41a0-96db-aa21ba516a5d" length="0.142307">
        <meta xsi:type="ResourceMeta" id="uuid-437942ba-61e6-4471-8e8e-f8ed53a6341c" rel="simmap:reconstructions">
          <meta xsi:type="ResourceMeta" id="uuid-f6f5d278-2a7f-4268-9dab-8f552b5ebb84" rel="simmap:reconstruction">
            <meta xsi:type="LiteralMeta" id="uuid-63ee16fb-8034-4da0-bad3-6c2f066729e7" property="simmap:char" datatype="xsd:string"/>
            <meta xsi:type="ResourceMeta" id="uuid-9d07f1b0-e0a6-429e-9759-e59b0eff48cc" rel="simmap:stateChange">
              <meta xsi:type="LiteralMeta" id="uuid-d94777f8-08ba-477f-b26b-07364422174a" property="simmap:order" datatype="xsd:decimal" content="1"/>
              <meta xsi:type="LiteralMeta" id="uuid-2b1a15c8-5e45-47d4-9df6-e9fd0bd88ad7" property="simmap:length" datatype="xsd:decimal" content="0.142307"/>
              <meta xsi:type="LiteralMeta" id="uuid-877b641e-f3bc-47c8-a4ed-b56342f876f9" property="simmap:state" datatype="xsd:string" content="B"/>
            </meta>
          </meta>
        </meta>
      </edge>
      <edge about="#uuid-ab1547eb-ae46-44ba-ba20-6c8daab70bc6" id="uuid-ab1547eb-ae46-44ba-ba20-6c8daab70bc6" source="uuid-dc037261-151a-41a0-96db-aa21ba516a5d" target="uuid-c2dfd533-a3af-4ee8-b242-2533b22b1c3e" length="0.0830010000000003">
        <meta xsi:type="ResourceMeta" id="uuid-0fbc47ba-7eb6-49ed-bee5-5e3b8a798c70" rel="simmap:reconstructions">
          <meta xsi:type="ResourceMeta" id="uuid-424e7a14-4e1b-4178-b81b-fc87d4d4b8bd" rel="simmap:reconstruction">
            <meta xsi:type="LiteralMeta" id="uuid-ec4d4c71-f476-43b0-a216-27df85c30443" property="simmap:char" datatype="xsd:string"/>
            <meta xsi:type="ResourceMeta" id="uuid-3d1d469c-66de-4524-a674-f0135977b83e" rel="simmap:stateChange">
              <meta xsi:type="LiteralMeta" id="uuid-52c23bf7-5dfd-492f-8262-098ab49bd42a" property="simmap:order" datatype="xsd:decimal" content="1"/>
              <meta xsi:type="LiteralMeta" id="uuid-bd354df2-e66a-47e7-8cf5-e322fc936f73" property="simmap:length" datatype="xsd:decimal" content="0.0830010000000003"/>
              <meta xsi:type="LiteralMeta" id="uuid-e6d502d4-8efc-461e-b569-536547c8dfd0" property="simmap:state" datatype="xsd:string" content="B"/>
            </meta>
          </meta>
        </meta>
      </edge>
      <edge about="#uuid-c1009132-34dd-4cb5-8df4-02674969333a" id="uuid-c1009132-34dd-4cb5-8df4-02674969333a" source="uuid-dc037261-151a-41a0-96db-aa21ba516a5d" target="uuid-5383c0be-53e3-42fa-876d-0234e7176caf" length="0.0227450000000007">
        <meta xsi:type="ResourceMeta" id="uuid-74d2d095-2468-40ed-89af-039f025312c9" rel="simmap:reconstructions">
          <meta xsi:type="ResourceMeta" id="uuid-d02f773f-3df2-4b5b-ae0b-8cf74324f858" rel="simmap:reconstruction">
            <meta xsi:type="LiteralMeta" id="uuid-eb84fcc1-2f5b-494f-9b4d-2e2ebe403339" property="simmap:char" datatype="xsd:string"/>
            <meta xsi:type="ResourceMeta" id="uuid-26703f5b-c8c5-4eb0-8b38-c33a26c5ff6f" rel="simmap:stateChange">
              <meta xsi:type="LiteralMeta" id="uuid-35f99ac5-2212-4ec1-ba06-1226d7b9598d" property="simmap:order" datatype="xsd:decimal" content="1"/>
              <meta xsi:type="LiteralMeta" id="uuid-fbac2075-3daf-497b-8230-28b6427a8f97" property="simmap:length" datatype="xsd:decimal" content="0.0227450000000007"/>
              <meta xsi:type="LiteralMeta" id="uuid-85efa014-dd5e-4328-941c-3214ff99f47b" property="simmap:state" datatype="xsd:string" content="B"/>
            </meta>
          </meta>
        </meta>
      </edge>
      <edge about="#uuid-0b23c8dc-8393-45b6-9576-93d393c3c4b3" id="uuid-0b23c8dc-8393-45b6-9576-93d393c3c4b3" source="uuid-5383c0be-53e3-42fa-876d-0234e7176caf" target="uuid-b449627a-7a7b-4469-87c3-7c842746037c" length="0.0602559999999996">
        <meta xsi:type="ResourceMeta" id="uuid-92a6f315-fbed-4ac7-b787-694f60a36294" rel="simmap:reconstructions">
          <meta xsi:type="ResourceMeta" id="uuid-45c5e100-12f5-4420-8f58-0140b8767811" rel="simmap:reconstruction">
            <meta xsi:type="LiteralMeta" id="uuid-e2d0d48b-d39c-4d5e-a11a-73624e63efa7" property="simmap:char" datatype="xsd:string"/>
            <meta xsi:type="ResourceMeta" id="uuid-466a214a-ea57-46a5-a764-a8d452ce9942" rel="simmap:stateChange">
              <meta xsi:type="LiteralMeta" id="uuid-699c173e-dd4a-4424-b0c8-92891518858e" property="simmap:order" datatype="xsd:decimal" content="1"/>
              <meta xsi:type="LiteralMeta" id="uuid-9e0fe67d-cb22-4615-adb5-9f32845cc437" property="simmap:length" datatype="xsd:decimal" content="0.0602559999999996"/>
              <meta xsi:type="LiteralMeta" id="uuid-93f611d7-7e47-41bf-86af-e7ac81a44ea0" property="simmap:state" datatype="xsd:string" content="B"/>
            </meta>
          </meta>
        </meta>
      </edge>
      <edge about="#uuid-941f7c3f-3ee2-4164-8acf-61dfa0df2159" id="uuid-941f7c3f-3ee2-4164-8acf-61dfa0df2159" source="uuid-5383c0be-53e3-42fa-876d-0234e7176caf" target="uuid-41239f47-8950-41fe-878c-5cf8645fb5e9" length="0.0602559999999996">
        <meta xsi:type="ResourceMeta" id="uuid-b751b07a-d556-4e2e-a2a0-eeb44151c34a" rel="simmap:reconstructions">
          <meta xsi:type="ResourceMeta" id="uuid-710419fa-3b6e-4d69-832c-c2e8d3075ad6" rel="simmap:reconstruction">
            <meta xsi:type="LiteralMeta" id="uuid-7bc24503-5d43-408f-ab08-ec51a09485cb" property="simmap:char" datatype="xsd:string"/>
            <meta xsi:type="ResourceMeta" id="uuid-01d0ee2f-4dc1-41f5-8286-6095608b34e3" rel="simmap:stateChange">
              <meta xsi:type="LiteralMeta" id="uuid-731379cc-f046-4c12-949c-0043e49979c3" property="simmap:order" datatype="xsd:decimal" content="1"/>
              <meta xsi:type="LiteralMeta" id="uuid-63587e54-429a-4b11-b6c0-bc177ff92b12" property="simmap:length" datatype="xsd:decimal" content="0.0602559999999996"/>
              <meta xsi:type="LiteralMeta" id="uuid-a1662a36-8f50-402d-a10c-86677d3fd20a" property="simmap:state" datatype="xsd:string" content="B"/>
            </meta>
          </meta>
        </meta>
      </edge>
      <edge about="#uuid-b480d502-fdac-45c8-9b14-8cdbe18fe514" id="uuid-b480d502-fdac-45c8-9b14-8cdbe18fe514" source="uuid-7633cc2e-49e5-4301-9a65-a261d9b01fa1" target="uuid-c1310308-96c6-4e7a-9563-d651411afc72" length="0.0812550000000005">
        <meta xsi:type="ResourceMeta" id="uuid-84307149-a92d-43c6-8b9f-5040e2c64ce3" rel="simmap:reconstructions">
          <meta xsi:type="ResourceMeta" id="uuid-67e60d7d-b7e9-439b-a124-31d4d443d7db" rel="simmap:reconstruction">
            <meta xsi:type="LiteralMeta" id="uuid-757466dc-242b-404a-a205-9205d91fe6ec" property="simmap:char" datatype="xsd:string"/>
            <meta xsi:type="ResourceMeta" id="uuid-5790bb07-721b-4d92-b19d-e1a42cdc99f7" rel="simmap:stateChange">
              <meta xsi:type="LiteralMeta" id="uuid-395ecfc3-2b4d-4cbc-97fa-d2f421333b91" property="simmap:order" datatype="xsd:decimal" content="1"/>
              <meta xsi:type="LiteralMeta" id="uuid-4a3804e3-7762-4d9b-b4d3-6c7f82b87f5b" property="simmap:length" datatype="xsd:decimal" content="0.0812550000000005"/>
              <meta xsi:type="LiteralMeta" id="uuid-0be46dd0-ac6b-4d9d-9dea-abd64edd0144" property="simmap:state" datatype="xsd:string" content="B"/>
            </meta>
          </meta>
        </meta>
      </edge>
      <edge about="#uuid-af39395c-63f4-4cbb-862c-067a4ee2f740" id="uuid-af39395c-63f4-4cbb-862c-067a4ee2f740" source="uuid-c1310308-96c6-4e7a-9563-d651411afc72" target="uuid-f780a8b1-bde5-48a6-8632-9b10b5f1f997" length="0.144053">
        <meta xsi:type="ResourceMeta" id="uuid-722ab401-c005-4c56-a919-744b5de87e01" rel="simmap:reconstructions">
          <meta xsi:type="ResourceMeta" id="uuid-e17d2b67-d7b0-41b8-a33f-9073abf9f2cc" rel="simmap:reconstruction">
            <meta xsi:type="LiteralMeta" id="uuid-c34226ae-2ea0-43ec-a01d-90ff40aee1fe" property="simmap:char" datatype="xsd:string"/>
            <meta xsi:type="ResourceMeta" id="uuid-feb714b5-ed7e-4d5a-bdd9-563bbdf2ec19" rel="simmap:stateChange">
              <meta xsi:type="LiteralMeta" id="uuid-654f1c8a-9c2e-4705-91d9-1b6001906609" property="simmap:order" datatype="xsd:decimal" content="1"/>
              <meta xsi:type="LiteralMeta" id="uuid-41f84d11-2b1b-45c9-84e3-430a12bdf893" property="simmap:length" datatype="xsd:decimal" content="0.0832219698932022"/>
              <meta xsi:type="LiteralMeta" id="uuid-83ff074d-a82e-4cb8-aee8-82cb60d7392f" property="simmap:state" datatype="xsd:string" content="B"/>
            </meta>
            <meta xsi:type="ResourceMeta" id="uuid-35e2ec03-f178-4df3-b9f2-4a55676fa08a" rel="simmap:stateChange">
              <meta xsi:type="LiteralMeta" id="uuid-22d3d104-eb5b-4176-aefc-0943de5e26fa" property="simmap:order" datatype="xsd:decimal" content="2"/>
              <meta xsi:type="LiteralMeta" id="uuid-e55235ff-c3c7-4f22-bf41-68b809f36e84" property="simmap:length" datatype="xsd:decimal" content="0.0608310301067979"/>
              <meta xsi:type="LiteralMeta" id="uuid-c8b83f46-8abf-4f2b-8e0f-6534df97cf50" property="simmap:state" datatype="xsd:string" content="C"/>
            </meta>
          </meta>
        </meta>
      </edge>
      <edge about="#uuid-30451e26-be24-45ea-89fb-96664eccc805" id="uuid-30451e26-be24-45ea-89fb-96664eccc805" source="uuid-c1310308-96c6-4e7a-9563-d651411afc72" target="uuid-60163b00-f4d6-43ec-b065-933a080c872d" length="0.143542000000001">
        <meta xsi:type="ResourceMeta" id="uuid-95c0f379-0167-4703-b579-384bdc83d35d" rel="simmap:reconstructions">
          <meta xsi:type="ResourceMeta" id="uuid-0fa925d9-05bc-4658-a390-609c475e0512" rel="simmap:reconstruction">
            <meta xsi:type="LiteralMeta" id="uuid-8f50fc27-0c68-4107-b488-2f4067eb1c55" property="simmap:char" datatype="xsd:string"/>
            <meta xsi:type="ResourceMeta" id="uuid-6c223359-7ce0-4659-b88d-295f9317618b" rel="simmap:stateChange">
              <meta xsi:type="LiteralMeta" id="uuid-956d8da5-5ca5-43bc-9c68-e20d40f3bb09" property="simmap:order" datatype="xsd:decimal" content="1"/>
              <meta xsi:type="LiteralMeta" id="uuid-c97fa061-9268-4671-902d-cec7c49fed0e" property="simmap:length" datatype="xsd:decimal" content="0.143542000000001"/>
              <meta xsi:type="LiteralMeta" id="uuid-1c643bbe-af09-46f9-b39a-a0d58cea9a21" property="simmap:state" datatype="xsd:string" content="B"/>
            </meta>
          </meta>
        </meta>
      </edge>
      <edge about="#uuid-9b35b1a3-0a71-486d-abb0-addfa0df51eb" id="uuid-9b35b1a3-0a71-486d-abb0-addfa0df51eb" source="uuid-60163b00-f4d6-43ec-b065-933a080c872d" target="uuid-149bc76a-5ca9-4800-9217-098f23f8a172" length="0.000510999999999595">
        <meta xsi:type="ResourceMeta" id="uuid-a53fea00-39c9-41af-bffa-229b1c490241" rel="simmap:reconstructions">
          <meta xsi:type="ResourceMeta" id="uuid-01f63b19-6c20-4698-9bd6-8408bf8da3de" rel="simmap:reconstruction">
            <meta xsi:type="LiteralMeta" id="uuid-5554dd14-2736-4978-9ebb-4a398272ef16" property="simmap:char" datatype="xsd:string"/>
            <meta xsi:type="ResourceMeta" id="uuid-bc722431-1f33-4c9f-9f13-3456e8ea31e5" rel="simmap:stateChange">
              <meta xsi:type="LiteralMeta" id="uuid-b1da5d4b-757d-4d93-aa1a-a5dd120dfbc6" property="simmap:order" datatype="xsd:decimal" content="1"/>
              <meta xsi:type="LiteralMeta" id="uuid-079c14ce-6b37-481f-bff2-158d1150f2a5" property="simmap:length" datatype="xsd:decimal" content="0.000510999999999595"/>
              <meta xsi:type="LiteralMeta" id="uuid-366c20e8-c443-4703-a885-5fd17e94f2b3" property="simmap:state" datatype="xsd:string" content="B"/>
            </meta>
          </meta>
        </meta>
      </edge>
      <edge about="#uuid-6fa80b87-9e76-45e2-85db-0a1a6a636616" id="uuid-6fa80b87-9e76-45e2-85db-0a1a6a636616" source="uuid-60163b00-f4d6-43ec-b065-933a080c872d" target="uuid-6860dbd4-78f8-49bd-bf07-48c0cbd81522" length="0.000510999999999595">
        <meta xsi:type="ResourceMeta" id="uuid-d88eb349-c5a9-4974-b17f-8814dee9b394" rel="simmap:reconstructions">
          <meta xsi:type="ResourceMeta" id="uuid-385660de-0319-4708-b764-40f3adaf4c64" rel="simmap:reconstruction">
            <meta xsi:type="LiteralMeta" id="uuid-630dbf01-b3a8-44e2-86da-a6530ca00151" property="simmap:char" datatype="xsd:string"/>
            <meta xsi:type="ResourceMeta" id="uuid-7c9b2b3e-317e-45b2-97c4-affed369f1d6" rel="simmap:stateChange">
              <meta xsi:type="LiteralMeta" id="uuid-7242f76a-ed80-4dd3-9545-145a7a1554a8" property="simmap:order" datatype="xsd:decimal" content="1"/>
              <meta xsi:type="LiteralMeta" id="uuid-f5bb3d5e-8c12-4b08-bdaf-1d3e487d9bb5" property="simmap:length" datatype="xsd:decimal" content="0.000510999999999595"/>
              <meta xsi:type="LiteralMeta" id="uuid-66d85ba1-c3f6-40e5-bd7e-ba135eb3a7b1" property="simmap:state" datatype="xsd:string" content="B"/>
            </meta>
          </meta>
        </meta>
      </edge>
      <edge about="#uuid-347173ab-e147-4c46-a4ca-38d41b77781a" id="uuid-347173ab-e147-4c46-a4ca-38d41b77781a" source="uuid-94eb3202-4633-4e5e-a8f9-bdb8b3a0e93f" target="uuid-f3528a42-fc6b-4736-955d-ee0bc4eea18a" length="0.0307979999999995">
        <meta xsi:type="ResourceMeta" id="uuid-da775504-034b-4846-af66-4784a7bf87b4" rel="simmap:reconstructions">
          <meta xsi:type="ResourceMeta" id="uuid-83781719-0fca-4730-a58f-e4868c898c86" rel="simmap:reconstruction">
            <meta xsi:type="LiteralMeta" id="uuid-1e273b94-82d8-43f1-940e-cbb1aa1da933" property="simmap:char" datatype="xsd:string"/>
            <meta xsi:type="ResourceMeta" id="uuid-b31afd34-66d8-43e6-9779-0eb5fb0e0a9f" rel="simmap:stateChange">
              <meta xsi:type="LiteralMeta" id="uuid-e04ca5bd-bf88-4d3e-96a4-4c393a748e04" property="simmap:order" datatype="xsd:decimal" content="1"/>
              <meta xsi:type="LiteralMeta" id="uuid-329534ec-3224-4fd1-afc3-bf5dccfea1f9" property="simmap:length" datatype="xsd:decimal" content="0.0307979999999995"/>
              <meta xsi:type="LiteralMeta" id="uuid-bae3dcfb-49d1-4583-b9c5-6164ab4642ae" property="simmap:state" datatype="xsd:string" content="B"/>
            </meta>
          </meta>
        </meta>
      </edge>
      <edge about="#uuid-c99f9288-a72a-459b-88e6-7a0d126790b9" id="uuid-c99f9288-a72a-459b-88e6-7a0d126790b9" source="uuid-f3528a42-fc6b-4736-955d-ee0bc4eea18a" target="uuid-a6174257-8520-4736-9b8b-758aa5b2a042" length="0.231633000000001">
        <meta xsi:type="ResourceMeta" id="uuid-58eeb01e-0b4a-483d-ad4a-249128f7ac10" rel="simmap:reconstructions">
          <meta xsi:type="ResourceMeta" id="uuid-3ab25919-9b9f-4f7e-b4c2-b5f56e950b7a" rel="simmap:reconstruction">
            <meta xsi:type="LiteralMeta" id="uuid-833f85c7-3e55-485f-be5c-8fad507453e6" property="simmap:char" datatype="xsd:string"/>
            <meta xsi:type="ResourceMeta" id="uuid-5e6550dc-9266-461b-89a5-b8865a4d4bb2" rel="simmap:stateChange">
              <meta xsi:type="LiteralMeta" id="uuid-3ea9debf-8a7e-4047-9511-ec512f410f74" property="simmap:order" datatype="xsd:decimal" content="1"/>
              <meta xsi:type="LiteralMeta" id="uuid-4ab598da-d02c-44bf-a6c3-adadac4a8967" property="simmap:length" datatype="xsd:decimal" content="0.0733564489055425"/>
              <meta xsi:type="LiteralMeta" id="uuid-752cb15e-c4d8-401d-853d-b6808aa50991" property="simmap:state" datatype="xsd:string" content="B"/>
            </meta>
            <meta xsi:type="ResourceMeta" id="uuid-c7d2583c-542b-42fb-b726-39000cb84866" rel="simmap:stateChange">
              <meta xsi:type="LiteralMeta" id="uuid-0aacf1e7-a846-4d80-b3c7-359f6beb6f9d" property="simmap:order" datatype="xsd:decimal" content="2"/>
              <meta xsi:type="LiteralMeta" id="uuid-70b465fc-f763-4710-aa6a-b347237b9693" property="simmap:length" datatype="xsd:decimal" content="0.158276551094458"/>
              <meta xsi:type="LiteralMeta" id="uuid-5f5a9ca1-36d6-475f-985c-d59b9e1405a0" property="simmap:state" datatype="xsd:string" content="C"/>
            </meta>
          </meta>
        </meta>
      </edge>
      <edge about="#uuid-1193906d-87d9-470c-b338-5c94d30fbe85" id="uuid-1193906d-87d9-470c-b338-5c94d30fbe85" source="uuid-a6174257-8520-4736-9b8b-758aa5b2a042" target="uuid-fb7d6c95-580b-4ed4-84f1-af566b2b170c" length="0.0565339999999998">
        <meta xsi:type="ResourceMeta" id="uuid-cbd9e288-8d59-4991-9b06-00891ad85855" rel="simmap:reconstructions">
          <meta xsi:type="ResourceMeta" id="uuid-dee50ba2-7ce6-40aa-b69f-4b201d35bfda" rel="simmap:reconstruction">
            <meta xsi:type="LiteralMeta" id="uuid-287bac51-3799-4f60-a03a-31c58b1c7668" property="simmap:char" datatype="xsd:string"/>
            <meta xsi:type="ResourceMeta" id="uuid-04dbc8ea-36d1-4672-9934-59f63aa2badc" rel="simmap:stateChange">
              <meta xsi:type="LiteralMeta" id="uuid-ee5353a8-e066-47d8-92b2-a399f1163949" property="simmap:order" datatype="xsd:decimal" content="1"/>
              <meta xsi:type="LiteralMeta" id="uuid-691e3e6c-3913-42b1-9d02-59e06367f732" property="simmap:length" datatype="xsd:decimal" content="0.0565339999999998"/>
              <meta xsi:type="LiteralMeta" id="uuid-c19acce1-3821-47f2-a48c-ebdead3b985e" property="simmap:state" datatype="xsd:string" content="C"/>
            </meta>
          </meta>
        </meta>
      </edge>
      <edge about="#uuid-f4683315-2a61-43ea-8696-22fcdb9d0e76" id="uuid-f4683315-2a61-43ea-8696-22fcdb9d0e76" source="uuid-a6174257-8520-4736-9b8b-758aa5b2a042" target="uuid-1df6a810-fe4d-4322-9380-ccbf068a58b8" length="0.0565339999999998">
        <meta xsi:type="ResourceMeta" id="uuid-b5fdc73b-dcdc-4aff-8ed3-95d4843833c5" rel="simmap:reconstructions">
          <meta xsi:type="ResourceMeta" id="uuid-cf09880a-09a5-4800-beac-beaa1a1aaf0f" rel="simmap:reconstruction">
            <meta xsi:type="LiteralMeta" id="uuid-a2b62dab-d1ff-493f-b48d-6d721e91b0ca" property="simmap:char" datatype="xsd:string"/>
            <meta xsi:type="ResourceMeta" id="uuid-0959ee3b-cde3-4608-bd58-10e24feb76b0" rel="simmap:stateChange">
              <meta xsi:type="LiteralMeta" id="uuid-7d027d4b-bd52-4f57-9224-ceda01880468" property="simmap:order" datatype="xsd:decimal" content="1"/>
              <meta xsi:type="LiteralMeta" id="uuid-bbff2c7f-bc5c-433c-8861-4e02576f88ec" property="simmap:length" datatype="xsd:decimal" content="0.0565339999999998"/>
              <meta xsi:type="LiteralMeta" id="uuid-404fbead-3703-4f3b-94eb-8afffe5ed519" property="simmap:state" datatype="xsd:string" content="C"/>
            </meta>
          </meta>
        </meta>
      </edge>
      <edge about="#uuid-988d16d9-96fb-4010-a9fa-5169047660e8" id="uuid-988d16d9-96fb-4010-a9fa-5169047660e8" source="uuid-f3528a42-fc6b-4736-955d-ee0bc4eea18a" target="uuid-86f40fb1-bb4b-43f7-97a3-6a88b880c84b" length="0.0136240000000007">
        <meta xsi:type="ResourceMeta" id="uuid-1dabda10-051d-44bc-a714-a19194076f5b" rel="simmap:reconstructions">
          <meta xsi:type="ResourceMeta" id="uuid-ac290bae-5498-49c9-ae57-ab467d16c667" rel="simmap:reconstruction">
            <meta xsi:type="LiteralMeta" id="uuid-a4ed1f50-79dc-4c04-9fa3-9703877b6259" property="simmap:char" datatype="xsd:string"/>
            <meta xsi:type="ResourceMeta" id="uuid-5bf37c69-2daa-4257-af2c-0b66191be0c0" rel="simmap:stateChange">
              <meta xsi:type="LiteralMeta" id="uuid-3bb52a78-ac44-4951-a706-83407f0dbb0b" property="simmap:order" datatype="xsd:decimal" content="1"/>
              <meta xsi:type="LiteralMeta" id="uuid-4ccb242a-418d-4eea-aa90-06baa86f48fc" property="simmap:length" datatype="xsd:decimal" content="0.0136240000000007"/>
              <meta xsi:type="LiteralMeta" id="uuid-066423fc-1090-4250-a88c-3f44aa538bfd" property="simmap:state" datatype="xsd:string" content="B"/>
            </meta>
          </meta>
        </meta>
      </edge>
      <edge about="#uuid-a9093230-5866-4745-9427-0d1571a34725" id="uuid-a9093230-5866-4745-9427-0d1571a34725" source="uuid-86f40fb1-bb4b-43f7-97a3-6a88b880c84b" target="uuid-6c4d6a05-bc99-4a9a-b693-6b4ed513c130" length="0.078416">
        <meta xsi:type="ResourceMeta" id="uuid-2f0337ba-c102-4521-ac6d-12afacaa084d" rel="simmap:reconstructions">
          <meta xsi:type="ResourceMeta" id="uuid-c3d33d23-65eb-4e7c-b1fa-ac00a8d94c2f" rel="simmap:reconstruction">
            <meta xsi:type="LiteralMeta" id="uuid-8925c8a6-8690-4746-99c2-a30928cf791a" property="simmap:char" datatype="xsd:string"/>
            <meta xsi:type="ResourceMeta" id="uuid-f5183aaa-ba76-4218-910e-7a3382cc0d3d" rel="simmap:stateChange">
              <meta xsi:type="LiteralMeta" id="uuid-8670ca6b-bb87-449c-bd1e-e58c687ca3d7" property="simmap:order" datatype="xsd:decimal" content="1"/>
              <meta xsi:type="LiteralMeta" id="uuid-ac3ad934-bec5-40fe-a604-cd3bdb8a6d21" property="simmap:length" datatype="xsd:decimal" content="0.078416"/>
              <meta xsi:type="LiteralMeta" id="uuid-4b90bbc2-5ff3-4eec-93f9-17034fbcf69e" property="simmap:state" datatype="xsd:string" content="B"/>
            </meta>
          </meta>
        </meta>
      </edge>
      <edge about="#uuid-7cdddc35-70a1-4820-82e3-09fc96b5a9a8" id="uuid-7cdddc35-70a1-4820-82e3-09fc96b5a9a8" source="uuid-6c4d6a05-bc99-4a9a-b693-6b4ed513c130" target="uuid-1b67714c-859a-4f2e-887d-b8688497fa2c" length="0.130062999999999">
        <meta xsi:type="ResourceMeta" id="uuid-5578e389-beb6-4ed1-a9ff-ab28a374b7dc" rel="simmap:reconstructions">
          <meta xsi:type="ResourceMeta" id="uuid-a7a5334d-7c62-40fa-b6eb-be76c1a8343d" rel="simmap:reconstruction">
            <meta xsi:type="LiteralMeta" id="uuid-10af57bf-9990-4574-931f-8a8e8aaf8339" property="simmap:char" datatype="xsd:string"/>
            <meta xsi:type="ResourceMeta" id="uuid-e11146fc-48c0-4a71-b7b6-d720326875d4" rel="simmap:stateChange">
              <meta xsi:type="LiteralMeta" id="uuid-9877f5de-a8f9-4ece-b62b-0223bace581f" property="simmap:order" datatype="xsd:decimal" content="1"/>
              <meta xsi:type="LiteralMeta" id="uuid-d930e35c-2df8-4ca7-8eed-5ec760f07468" property="simmap:length" datatype="xsd:decimal" content="0.0458598397672176"/>
              <meta xsi:type="LiteralMeta" id="uuid-43f71527-86b8-4154-a911-ade9a76bbecf" property="simmap:state" datatype="xsd:string" content="B"/>
            </meta>
            <meta xsi:type="ResourceMeta" id="uuid-95a4f720-77ba-4102-9638-14e699c39891" rel="simmap:stateChange">
              <meta xsi:type="LiteralMeta" id="uuid-5fce95ae-9c59-47d1-84d7-c3c8b6576255" property="simmap:order" datatype="xsd:decimal" content="2"/>
              <meta xsi:type="LiteralMeta" id="uuid-59281753-c018-4ed0-9e73-7653d0c8d9b4" property="simmap:length" datatype="xsd:decimal" content="0.0720705614923672"/>
              <meta xsi:type="LiteralMeta" id="uuid-dd693a1e-e03f-4ff4-9694-752791eb6f5e" property="simmap:state" datatype="xsd:string" content="C"/>
            </meta>
            <meta xsi:type="ResourceMeta" id="uuid-496d932e-c893-4560-a541-88338ccacfa7" rel="simmap:stateChange">
              <meta xsi:type="LiteralMeta" id="uuid-e296362d-3f25-46d2-b55a-112f2c77823a" property="simmap:order" datatype="xsd:decimal" content="3"/>
              <meta xsi:type="LiteralMeta" id="uuid-c7db39bf-3899-4bf4-b502-29fea5f26eb2" property="simmap:length" datatype="xsd:decimal" content="0.0121325987404143"/>
              <meta xsi:type="LiteralMeta" id="uuid-c4be5d77-f520-4eb1-a371-b1cb28382506" property="simmap:state" datatype="xsd:string" content="A"/>
            </meta>
          </meta>
        </meta>
      </edge>
      <edge about="#uuid-8a3bba89-aafb-416c-950a-efa3a7bc24be" id="uuid-8a3bba89-aafb-416c-950a-efa3a7bc24be" source="uuid-1b67714c-859a-4f2e-887d-b8688497fa2c" target="uuid-a99f28ca-3cba-4446-9012-8a9db92a319e" length="0.0660640000000006">
        <meta xsi:type="ResourceMeta" id="uuid-9d5f14b4-6396-4589-8450-52eac508fe74" rel="simmap:reconstructions">
          <meta xsi:type="ResourceMeta" id="uuid-0504b26a-4fbc-4a4f-9623-6598825da6df" rel="simmap:reconstruction">
            <meta xsi:type="LiteralMeta" id="uuid-894e6ea8-c94b-49df-8d2f-cb853cb2fcf7" property="simmap:char" datatype="xsd:string"/>
            <meta xsi:type="ResourceMeta" id="uuid-2d534ef2-f025-4b61-a19d-60bb4ff17949" rel="simmap:stateChange">
              <meta xsi:type="LiteralMeta" id="uuid-1df4cf45-cbf7-4742-a9ff-28f4836d266d" property="simmap:order" datatype="xsd:decimal" content="1"/>
              <meta xsi:type="LiteralMeta" id="uuid-1e5e1ad6-c2f2-47fa-b1e9-95ae242993e2" property="simmap:length" datatype="xsd:decimal" content="0.0660640000000006"/>
              <meta xsi:type="LiteralMeta" id="uuid-b0ebdc9c-da9d-4206-a2ff-2a01171f1690" property="simmap:state" datatype="xsd:string" content="A"/>
            </meta>
          </meta>
        </meta>
      </edge>
      <edge about="#uuid-1033cfc7-9eca-4289-95eb-a00bedf9c5ed" id="uuid-1033cfc7-9eca-4289-95eb-a00bedf9c5ed" source="uuid-1b67714c-859a-4f2e-887d-b8688497fa2c" target="uuid-55d442ba-bdcf-4e3e-819a-976ad61b58e7" length="0.0660640000000006">
        <meta xsi:type="ResourceMeta" id="uuid-dc81cadb-f711-4817-aecb-24e11fd55c5e" rel="simmap:reconstructions">
          <meta xsi:type="ResourceMeta" id="uuid-16007dc7-adc4-4955-b42f-cf23558c8dbf" rel="simmap:reconstruction">
            <meta xsi:type="LiteralMeta" id="uuid-4417071e-d4b7-4faa-9ba3-356fa8565906" property="simmap:char" datatype="xsd:string"/>
            <meta xsi:type="ResourceMeta" id="uuid-8538160a-b545-4b83-81a2-496fd5ebef0f" rel="simmap:stateChange">
              <meta xsi:type="LiteralMeta" id="uuid-08d1f143-dcd4-47ae-b9b8-af98813ab96d" property="simmap:order" datatype="xsd:decimal" content="1"/>
              <meta xsi:type="LiteralMeta" id="uuid-5a97789b-5fcf-499e-b6a1-0f3236b0d7ab" property="simmap:length" datatype="xsd:decimal" content="0.0660640000000006"/>
              <meta xsi:type="LiteralMeta" id="uuid-acea7bcb-2b5c-40c2-af20-71ab2f121afc" property="simmap:state" datatype="xsd:string" content="A"/>
            </meta>
          </meta>
        </meta>
      </edge>
      <edge about="#uuid-bc919fb2-bea8-436f-ac5c-386098c37e38" id="uuid-bc919fb2-bea8-436f-ac5c-386098c37e38" source="uuid-6c4d6a05-bc99-4a9a-b693-6b4ed513c130" target="uuid-ac3f6068-1da2-4ae4-aeb4-07cad8599675" length="0.196127">
        <meta xsi:type="ResourceMeta" id="uuid-25fd6dc2-5a36-404a-acae-007b0b5ebddb" rel="simmap:reconstructions">
          <meta xsi:type="ResourceMeta" id="uuid-5fcbfe5f-7a64-4c9b-bb35-797a5d62b4a6" rel="simmap:reconstruction">
            <meta xsi:type="LiteralMeta" id="uuid-7df6e5e3-1af7-4661-b320-8c22282ad997" property="simmap:char" datatype="xsd:string"/>
            <meta xsi:type="ResourceMeta" id="uuid-12cbe482-934c-40dc-af99-bddf75183481" rel="simmap:stateChange">
              <meta xsi:type="LiteralMeta" id="uuid-1c30d776-a182-4a06-b0df-6210849876d7" property="simmap:order" datatype="xsd:decimal" content="1"/>
              <meta xsi:type="LiteralMeta" id="uuid-a85beb0b-49db-46ab-9a9d-8afc46cb5286" property="simmap:length" datatype="xsd:decimal" content="0.196127"/>
              <meta xsi:type="LiteralMeta" id="uuid-78ea3cb5-f071-4a43-8a05-cfa3a5bd59d8" property="simmap:state" datatype="xsd:string" content="B"/>
            </meta>
          </meta>
        </meta>
      </edge>
      <edge about="#uuid-c22b36b6-477e-4477-b98e-c62d69b2b0b2" id="uuid-c22b36b6-477e-4477-b98e-c62d69b2b0b2" source="uuid-86f40fb1-bb4b-43f7-97a3-6a88b880c84b" target="uuid-c7d07340-9047-442c-a89c-bf00074a9ee1" length="0.274543">
        <meta xsi:type="ResourceMeta" id="uuid-68a001e5-58af-4fa5-92e0-57fe0b3555fc" rel="simmap:reconstructions">
          <meta xsi:type="ResourceMeta" id="uuid-3cd755b8-6c59-44d0-83ea-b57cc064d257" rel="simmap:reconstruction">
            <meta xsi:type="LiteralMeta" id="uuid-cfb177bc-7338-4df0-a5cf-cf26d8260575" property="simmap:char" datatype="xsd:string"/>
            <meta xsi:type="ResourceMeta" id="uuid-dfaab0f3-bb83-4d84-bc71-70fea7fa9f05" rel="simmap:stateChange">
              <meta xsi:type="LiteralMeta" id="uuid-59e26a01-92e4-4a03-80d8-aba81e9374e2" property="simmap:order" datatype="xsd:decimal" content="1"/>
              <meta xsi:type="LiteralMeta" id="uuid-84f7da1f-89ad-4e13-a645-b09539d3f873" property="simmap:length" datatype="xsd:decimal" content="0.274543"/>
              <meta xsi:type="LiteralMeta" id="uuid-e49ee524-9ad0-416d-8d33-345655729a67" property="simmap:state" datatype="xsd:string" content="B"/>
            </meta>
          </meta>
        </meta>
      </edge>
      <edge about="#uuid-1b684b24-142e-489f-94ca-53a3ac8f891e" id="uuid-1b684b24-142e-489f-94ca-53a3ac8f891e" source="uuid-8a618d87-517f-48de-9610-622c653fcdab" target="uuid-50251a37-2f8c-4421-a486-e614478f42a4" length="0.112317">
        <meta xsi:type="ResourceMeta" id="uuid-daad27e4-a873-47f3-9d66-1b2b17f19155" rel="simmap:reconstructions">
          <meta xsi:type="ResourceMeta" id="uuid-6a4ad37d-a4fe-4e7b-aabb-26fd1056c9bd" rel="simmap:reconstruction">
            <meta xsi:type="LiteralMeta" id="uuid-e8d92f8c-505b-4e49-82d9-295b2a67b899" property="simmap:char" datatype="xsd:string"/>
            <meta xsi:type="ResourceMeta" id="uuid-abbc8aee-51f1-4349-9aaf-307ddc3c9c7e" rel="simmap:stateChange">
              <meta xsi:type="LiteralMeta" id="uuid-4a83fb07-09e5-4f12-b906-51c134d9e170" property="simmap:order" datatype="xsd:decimal" content="1"/>
              <meta xsi:type="LiteralMeta" id="uuid-b51fd48d-5b71-4a59-9c74-e8427bd0470a" property="simmap:length" datatype="xsd:decimal" content="0.112317"/>
              <meta xsi:type="LiteralMeta" id="uuid-86cbbfd3-85d8-4032-bf1c-d6ae3f848e5f" property="simmap:state" datatype="xsd:string" content="B"/>
            </meta>
          </meta>
        </meta>
      </edge>
      <edge about="#uuid-c01f539c-5660-4293-a1f2-585e2b7a163d" id="uuid-c01f539c-5660-4293-a1f2-585e2b7a163d" source="uuid-50251a37-2f8c-4421-a486-e614478f42a4" target="uuid-cb0ac31e-b371-49bf-a4e3-6ea3e11111e6" length="0.133082000000001">
        <meta xsi:type="ResourceMeta" id="uuid-6269d86d-eae2-4624-bea5-43ee8e2d928e" rel="simmap:reconstructions">
          <meta xsi:type="ResourceMeta" id="uuid-e3a283fd-a8b0-4802-b99c-8d835a361333" rel="simmap:reconstruction">
            <meta xsi:type="LiteralMeta" id="uuid-d21d7127-76e8-4066-b2cb-19dfafc0972e" property="simmap:char" datatype="xsd:string"/>
            <meta xsi:type="ResourceMeta" id="uuid-a22b6c1b-4c33-48ef-81ad-a1413976ceb8" rel="simmap:stateChange">
              <meta xsi:type="LiteralMeta" id="uuid-5dabe0de-3ea3-40dc-ba25-14386a9e8846" property="simmap:order" datatype="xsd:decimal" content="1"/>
              <meta xsi:type="LiteralMeta" id="uuid-e62adad6-ec4b-43de-8580-42d983866cd9" property="simmap:length" datatype="xsd:decimal" content="0.133082000000001"/>
              <meta xsi:type="LiteralMeta" id="uuid-2ab0fd7f-9dd6-41af-8e88-7d36f1b5528a" property="simmap:state" datatype="xsd:string" content="B"/>
            </meta>
          </meta>
        </meta>
      </edge>
      <edge about="#uuid-e16b1a7e-1150-4aa6-b584-8dbf0098f6f7" id="uuid-e16b1a7e-1150-4aa6-b584-8dbf0098f6f7" source="uuid-cb0ac31e-b371-49bf-a4e3-6ea3e11111e6" target="uuid-7db4a7d9-1276-4157-8356-91d3f5e1d790" length="0.254600999999999">
        <meta xsi:type="ResourceMeta" id="uuid-677c0f6e-ca6f-4c69-b6c4-38c08bca1397" rel="simmap:reconstructions">
          <meta xsi:type="ResourceMeta" id="uuid-38170c74-7ead-4b05-9727-2f1f1da47889" rel="simmap:reconstruction">
            <meta xsi:type="LiteralMeta" id="uuid-c79ae6d4-5be0-46ca-b1e9-05c283555ec6" property="simmap:char" datatype="xsd:string"/>
            <meta xsi:type="ResourceMeta" id="uuid-b49c53b9-9c8c-4895-9197-2f44b35251d2" rel="simmap:stateChange">
              <meta xsi:type="LiteralMeta" id="uuid-9adef198-1ade-4f07-9fb8-412ce8387f76" property="simmap:order" datatype="xsd:decimal" content="1"/>
              <meta xsi:type="LiteralMeta" id="uuid-0785f0f7-dc01-45b0-8893-1cb79c4d5792" property="simmap:length" datatype="xsd:decimal" content="0.254600999999999"/>
              <meta xsi:type="LiteralMeta" id="uuid-97c50840-0dcc-4911-8348-88991e0eeaf2" property="simmap:state" datatype="xsd:string" content="B"/>
            </meta>
          </meta>
        </meta>
      </edge>
      <edge about="#uuid-1c7cfbaf-5450-465f-9e5d-bb4a01c9a468" id="uuid-1c7cfbaf-5450-465f-9e5d-bb4a01c9a468" source="uuid-cb0ac31e-b371-49bf-a4e3-6ea3e11111e6" target="uuid-f00d16af-06db-4772-a936-635021df8686" length="0.254600999999999">
        <meta xsi:type="ResourceMeta" id="uuid-69d4da60-1c70-4151-a87f-7a06ede98177" rel="simmap:reconstructions">
          <meta xsi:type="ResourceMeta" id="uuid-c75739cb-1f66-4f6e-b2ae-0b77baea217f" rel="simmap:reconstruction">
            <meta xsi:type="LiteralMeta" id="uuid-06111246-4cb4-44ed-b9f6-b4514d7ccb3a" property="simmap:char" datatype="xsd:string"/>
            <meta xsi:type="ResourceMeta" id="uuid-a1c714e5-e043-4f51-b0a4-ca7e0d2f3746" rel="simmap:stateChange">
              <meta xsi:type="LiteralMeta" id="uuid-f8c87c60-7ca4-493d-a3a6-6a79b5ee3152" property="simmap:order" datatype="xsd:decimal" content="1"/>
              <meta xsi:type="LiteralMeta" id="uuid-4dfb6706-f019-4872-8a05-e928042ec639" property="simmap:length" datatype="xsd:decimal" content="0.254600999999999"/>
              <meta xsi:type="LiteralMeta" id="uuid-bde4f804-1e1c-4994-847f-a8f23976bc9e" property="simmap:state" datatype="xsd:string" content="B"/>
            </meta>
          </meta>
        </meta>
      </edge>
      <edge about="#uuid-447e2dab-0c3b-4301-9579-7c859930de4e" id="uuid-447e2dab-0c3b-4301-9579-7c859930de4e" source="uuid-50251a37-2f8c-4421-a486-e614478f42a4" target="uuid-ab8cca5f-bc27-414d-a9a7-a08f497e935a" length="0.0700130000000009">
        <meta xsi:type="ResourceMeta" id="uuid-53eb4082-8228-4ea7-93ae-e3a226c6a9f8" rel="simmap:reconstructions">
          <meta xsi:type="ResourceMeta" id="uuid-5a5ff3f9-f62f-4441-8213-5173bf3e4af6" rel="simmap:reconstruction">
            <meta xsi:type="LiteralMeta" id="uuid-4cafe460-387c-4784-bdca-a05be95ad856" property="simmap:char" datatype="xsd:string"/>
            <meta xsi:type="ResourceMeta" id="uuid-ed4d6503-f804-438e-a7f9-18abe7ccc3a5" rel="simmap:stateChange">
              <meta xsi:type="LiteralMeta" id="uuid-7b6e8bba-ffec-4cb1-b40b-e4109dbe4c0f" property="simmap:order" datatype="xsd:decimal" content="1"/>
              <meta xsi:type="LiteralMeta" id="uuid-d6ee50dd-e6d9-4a4c-a04c-85e2ed4e89c3" property="simmap:length" datatype="xsd:decimal" content="0.0700130000000009"/>
              <meta xsi:type="LiteralMeta" id="uuid-33802253-4f35-4ebb-bb6c-990516eb35b6" property="simmap:state" datatype="xsd:string" content="B"/>
            </meta>
          </meta>
        </meta>
      </edge>
      <edge about="#uuid-6a324df2-b85d-4c81-be9d-23a557f1ac66" id="uuid-6a324df2-b85d-4c81-be9d-23a557f1ac66" source="uuid-ab8cca5f-bc27-414d-a9a7-a08f497e935a" target="uuid-5ba3c89a-a22c-45d6-8fa1-217b86ca9233" length="0.317669999999999">
        <meta xsi:type="ResourceMeta" id="uuid-eab3c341-d9d4-438d-b64e-d1ceb1742a83" rel="simmap:reconstructions">
          <meta xsi:type="ResourceMeta" id="uuid-af3b2a18-912f-487c-844f-5a01021cb21d" rel="simmap:reconstruction">
            <meta xsi:type="LiteralMeta" id="uuid-a304db19-c557-4795-9049-70be8e145061" property="simmap:char" datatype="xsd:string"/>
            <meta xsi:type="ResourceMeta" id="uuid-c51a7a9e-31cf-4c8c-bec8-3ebf748c278f" rel="simmap:stateChange">
              <meta xsi:type="LiteralMeta" id="uuid-ee2fcaf7-5fed-49d1-8bd9-2271881849d6" property="simmap:order" datatype="xsd:decimal" content="1"/>
              <meta xsi:type="LiteralMeta" id="uuid-fcf77b67-2dd7-473b-9680-51f47dde538f" property="simmap:length" datatype="xsd:decimal" content="0.317669999999999"/>
              <meta xsi:type="LiteralMeta" id="uuid-e61d6d82-b753-4a77-acbd-5952f6d33412" property="simmap:state" datatype="xsd:string" content="B"/>
            </meta>
          </meta>
        </meta>
      </edge>
      <edge about="#uuid-8535a33a-6e54-4fc5-a4e7-6ef9cbb4cb00" id="uuid-8535a33a-6e54-4fc5-a4e7-6ef9cbb4cb00" source="uuid-ab8cca5f-bc27-414d-a9a7-a08f497e935a" target="uuid-6c3dde70-1744-462a-a415-7411107a002c" length="0.112446999999999">
        <meta xsi:type="ResourceMeta" id="uuid-82bab5bc-3eed-4336-876d-e5c92eb7383a" rel="simmap:reconstructions">
          <meta xsi:type="ResourceMeta" id="uuid-c0da420a-9d58-4181-9167-98c3ae82b82d" rel="simmap:reconstruction">
            <meta xsi:type="LiteralMeta" id="uuid-4dc2eefd-a954-4ed0-84c7-a5035363e5cb" property="simmap:char" datatype="xsd:string"/>
            <meta xsi:type="ResourceMeta" id="uuid-43d52062-739f-4584-94e2-4c7741621220" rel="simmap:stateChange">
              <meta xsi:type="LiteralMeta" id="uuid-fa6c29c8-e07c-4833-8238-fcafbe662476" property="simmap:order" datatype="xsd:decimal" content="1"/>
              <meta xsi:type="LiteralMeta" id="uuid-4ebfd4aa-77bf-4eda-9b62-5528c6909ae5" property="simmap:length" datatype="xsd:decimal" content="0.112446999999999"/>
              <meta xsi:type="LiteralMeta" id="uuid-0e07ca04-69e5-4eb9-95f4-231ea2fe3fdd" property="simmap:state" datatype="xsd:string" content="B"/>
            </meta>
          </meta>
        </meta>
      </edge>
      <edge about="#uuid-be1f7ec2-9931-4135-a819-96fd9ffe3e02" id="uuid-be1f7ec2-9931-4135-a819-96fd9ffe3e02" source="uuid-6c3dde70-1744-462a-a415-7411107a002c" target="uuid-a4d4e544-7838-47a7-a31d-db3f19366802" length="0.196062">
        <meta xsi:type="ResourceMeta" id="uuid-a2fecb9f-4f6a-4969-996c-c790265494f0" rel="simmap:reconstructions">
          <meta xsi:type="ResourceMeta" id="uuid-3e5c401b-c605-4e43-9486-a99c2a11f8d6" rel="simmap:reconstruction">
            <meta xsi:type="LiteralMeta" id="uuid-e913afef-ce2f-449a-9a5b-20a5b3149255" property="simmap:char" datatype="xsd:string"/>
            <meta xsi:type="ResourceMeta" id="uuid-cab05880-0b5b-4f6f-9429-ea7d45b92b7e" rel="simmap:stateChange">
              <meta xsi:type="LiteralMeta" id="uuid-24baded6-8284-432d-afeb-060e5601c497" property="simmap:order" datatype="xsd:decimal" content="1"/>
              <meta xsi:type="LiteralMeta" id="uuid-f88593c7-a4b3-48d2-9a2a-dd97c7acb780" property="simmap:length" datatype="xsd:decimal" content="0.165383281018066"/>
              <meta xsi:type="LiteralMeta" id="uuid-e67ccfae-e3a4-4c8b-9c0b-19246672a987" property="simmap:state" datatype="xsd:string" content="B"/>
            </meta>
            <meta xsi:type="ResourceMeta" id="uuid-0a1327cd-555d-47c4-ad23-918dd752b45b" rel="simmap:stateChange">
              <meta xsi:type="LiteralMeta" id="uuid-29d88a67-5c69-47f2-b426-373f4df7f727" property="simmap:order" datatype="xsd:decimal" content="2"/>
              <meta xsi:type="LiteralMeta" id="uuid-cca74d57-5d8f-47c4-ab60-3ad0592dacc4" property="simmap:length" datatype="xsd:decimal" content="0.0306787189819338"/>
              <meta xsi:type="LiteralMeta" id="uuid-d8d05c72-57af-4c39-907e-c11005a48013" property="simmap:state" datatype="xsd:string" content="A"/>
            </meta>
          </meta>
        </meta>
      </edge>
      <edge about="#uuid-360df645-0332-4338-9144-804d685196db" id="uuid-360df645-0332-4338-9144-804d685196db" source="uuid-a4d4e544-7838-47a7-a31d-db3f19366802" target="uuid-d1d55ebe-8c74-4c32-b92f-654a4cf39597" length="0.00916100000000009">
        <meta xsi:type="ResourceMeta" id="uuid-2433bb9b-6242-4b6a-872d-f6527ea88c14" rel="simmap:reconstructions">
          <meta xsi:type="ResourceMeta" id="uuid-bb77af3e-4058-4837-a9a7-db4d132ca326" rel="simmap:reconstruction">
            <meta xsi:type="LiteralMeta" id="uuid-c69c677c-e7e7-4ecc-bbe9-211ba9a6a07f" property="simmap:char" datatype="xsd:string"/>
            <meta xsi:type="ResourceMeta" id="uuid-d6d2622c-0ea6-4d75-9550-55b28f549804" rel="simmap:stateChange">
              <meta xsi:type="LiteralMeta" id="uuid-cdf5e5d1-15b9-4a1c-9f50-1d9e32957769" property="simmap:order" datatype="xsd:decimal" content="1"/>
              <meta xsi:type="LiteralMeta" id="uuid-7753d004-526a-4603-bc8a-245fca497d1b" property="simmap:length" datatype="xsd:decimal" content="0.00916100000000009"/>
              <meta xsi:type="LiteralMeta" id="uuid-15b9f789-ba0f-45c6-b5ac-409721c36b20" property="simmap:state" datatype="xsd:string" content="A"/>
            </meta>
          </meta>
        </meta>
      </edge>
      <edge about="#uuid-a6a924e5-7d22-4cfa-a5f9-bb06dc40957a" id="uuid-a6a924e5-7d22-4cfa-a5f9-bb06dc40957a" source="uuid-a4d4e544-7838-47a7-a31d-db3f19366802" target="uuid-26bb8022-cd25-4678-8dbb-56c358ce27ea" length="0.00916100000000009">
        <meta xsi:type="ResourceMeta" id="uuid-04539828-4414-4e45-b98e-e79ad3ba7a35" rel="simmap:reconstructions">
          <meta xsi:type="ResourceMeta" id="uuid-46ce08c0-2fe6-4a8b-bad3-6f8384a772b1" rel="simmap:reconstruction">
            <meta xsi:type="LiteralMeta" id="uuid-ffc39f77-f8e0-44ab-8bea-8dbdaafe26a5" property="simmap:char" datatype="xsd:string"/>
            <meta xsi:type="ResourceMeta" id="uuid-4cd52322-17d4-4977-ae3a-59645c53a311" rel="simmap:stateChange">
              <meta xsi:type="LiteralMeta" id="uuid-96655117-7b9d-4113-b41f-54fea661f6a2" property="simmap:order" datatype="xsd:decimal" content="1"/>
              <meta xsi:type="LiteralMeta" id="uuid-2131e335-7e27-42dc-9549-3caa2e2e16c9" property="simmap:length" datatype="xsd:decimal" content="0.00916100000000009"/>
              <meta xsi:type="LiteralMeta" id="uuid-2a9a7231-4579-49b1-8671-f8574d7b765c" property="simmap:state" datatype="xsd:string" content="A"/>
            </meta>
          </meta>
        </meta>
      </edge>
      <edge about="#uuid-3aa0a07a-2ac1-4bf0-9bf6-a0df6e6d0352" id="uuid-3aa0a07a-2ac1-4bf0-9bf6-a0df6e6d0352" source="uuid-6c3dde70-1744-462a-a415-7411107a002c" target="uuid-d140c390-f4d8-431d-8b34-498f6fae23c6" length="0.205223">
        <meta xsi:type="ResourceMeta" id="uuid-803b00a9-a77b-4792-9429-414ce8dccd2d" rel="simmap:reconstructions">
          <meta xsi:type="ResourceMeta" id="uuid-b9a97435-a38a-4e62-a624-0196b2dee21b" rel="simmap:reconstruction">
            <meta xsi:type="LiteralMeta" id="uuid-52e7b43a-5d23-4881-92d5-75c236b0ea17" property="simmap:char" datatype="xsd:string"/>
            <meta xsi:type="ResourceMeta" id="uuid-3177d332-6306-44db-86c7-1bf8c339bef2" rel="simmap:stateChange">
              <meta xsi:type="LiteralMeta" id="uuid-4020634a-ddc4-462d-8c2f-5352c6573adc" property="simmap:order" datatype="xsd:decimal" content="1"/>
              <meta xsi:type="LiteralMeta" id="uuid-81488f85-c59e-4de8-b003-0d5c74ae4524" property="simmap:length" datatype="xsd:decimal" content="0.202947550453246"/>
              <meta xsi:type="LiteralMeta" id="uuid-8ae0638e-87f3-4a1f-a735-82b54fce04cd" property="simmap:state" datatype="xsd:string" content="B"/>
            </meta>
            <meta xsi:type="ResourceMeta" id="uuid-632a8912-032e-4d35-9286-63a9225e9fdc" rel="simmap:stateChange">
              <meta xsi:type="LiteralMeta" id="uuid-8442e331-bb3d-4ad5-b1f0-432bdc0428dd" property="simmap:order" datatype="xsd:decimal" content="2"/>
              <meta xsi:type="LiteralMeta" id="uuid-156dfdf0-a2d7-4da4-a2dc-99c1113d478d" property="simmap:length" datatype="xsd:decimal" content="0.00227544954675424"/>
              <meta xsi:type="LiteralMeta" id="uuid-d777b9a4-b93f-4aa0-bd21-582992d76b34" property="simmap:state" datatype="xsd:string" content="A"/>
            </meta>
          </meta>
        </meta>
      </edge>
    </tree>
  </trees>
  <characters xsi:type="nex:ContinuousCells" about="#uuid-549dcdbf-42b0-41e0-b894-2861e84890fb" id="uuid-549dcdbf-42b0-41e0-b894-2861e84890fb" otus="uuid-e2e3cdf8-5cf7-4a72-aa27-bf8873fdca23">
    <format>
      <char about="#uuid-b77e1448-f711-4db0-a8ee-08c5314f59c6" label="states" id="uuid-b77e1448-f711-4db0-a8ee-08c5314f59c6"/>
    </format>
    <matrix>
      <row about="#uuid-dac0e91b-cdf7-4c72-a6ef-cb3a720b9ba0" label="1" id="uuid-dac0e91b-cdf7-4c72-a6ef-cb3a720b9ba0" otu="uuid-a9a9dfd6-f207-46a6-af7c-5ee567e4c61a">
        <cell char="uuid-b77e1448-f711-4db0-a8ee-08c5314f59c6" state="2"/>
      </row>
      <row about="#uuid-0accb9ca-dea0-4ec8-87b7-a48bd638cafe" label="2" id="uuid-0accb9ca-dea0-4ec8-87b7-a48bd638cafe" otu="uuid-60c67648-165a-49f3-973b-72e054ba7707">
        <cell char="uuid-b77e1448-f711-4db0-a8ee-08c5314f59c6" state="2"/>
      </row>
      <row about="#uuid-605cc0a7-5b57-4714-b857-c51a150e8b50" label="3" id="uuid-605cc0a7-5b57-4714-b857-c51a150e8b50" otu="uuid-a6297668-a4c7-49a0-b604-aa3b5ce28a65">
        <cell char="uuid-b77e1448-f711-4db0-a8ee-08c5314f59c6" state="2"/>
      </row>
      <row about="#uuid-560401b9-ecf0-45d1-93b3-619b9fac2305" label="4" id="uuid-560401b9-ecf0-45d1-93b3-619b9fac2305" otu="uuid-1522ccc8-c73c-4e6f-8f51-8cd4c8ee8dc0">
        <cell char="uuid-b77e1448-f711-4db0-a8ee-08c5314f59c6" state="3"/>
      </row>
      <row about="#uuid-092fbfe6-b558-4c64-887e-34b51cdaca64" label="5" id="uuid-092fbfe6-b558-4c64-887e-34b51cdaca64" otu="uuid-8e1fbcb4-8157-40e5-8aa4-4a9f728941e7">
        <cell char="uuid-b77e1448-f711-4db0-a8ee-08c5314f59c6" state="2"/>
      </row>
      <row about="#uuid-304709a2-5bed-4532-9fbf-1c4feb10fb00" label="6" id="uuid-304709a2-5bed-4532-9fbf-1c4feb10fb00" otu="uuid-185ce2c1-a07c-4afe-a978-b81a22c8f5f4">
        <cell char="uuid-b77e1448-f711-4db0-a8ee-08c5314f59c6" state="2"/>
      </row>
      <row about="#uuid-3050558f-0af3-486b-a85e-449ea374e58e" label="7" id="uuid-3050558f-0af3-486b-a85e-449ea374e58e" otu="uuid-037090fd-0866-403a-929c-63b24590e268">
        <cell char="uuid-b77e1448-f711-4db0-a8ee-08c5314f59c6" state="3"/>
      </row>
      <row about="#uuid-5fe449c2-3eb1-4591-a472-01b91afd9ce7" label="8" id="uuid-5fe449c2-3eb1-4591-a472-01b91afd9ce7" otu="uuid-58d7be34-a61c-4de1-8b03-f0852353edad">
        <cell char="uuid-b77e1448-f711-4db0-a8ee-08c5314f59c6" state="3"/>
      </row>
      <row about="#uuid-9c1a29ec-954e-4685-84c9-98c2e97ff253" label="9" id="uuid-9c1a29ec-954e-4685-84c9-98c2e97ff253" otu="uuid-e7c8318d-6ab4-4711-b395-bb75dac8df7a">
        <cell char="uuid-b77e1448-f711-4db0-a8ee-08c5314f59c6" state="1"/>
      </row>
      <row about="#uuid-57e30dc1-3864-4df3-b7fd-1548ac2d9ee0" label="10" id="uuid-57e30dc1-3864-4df3-b7fd-1548ac2d9ee0" otu="uuid-18ac4538-9a9e-4e2a-88c8-e5a4ee9d7b9b">
        <cell char="uuid-b77e1448-f711-4db0-a8ee-08c5314f59c6" state="1"/>
      </row>
      <row about="#uuid-bd1e17ad-1243-4ef4-9d4c-e40e436e2e1e" label="11" id="uuid-bd1e17ad-1243-4ef4-9d4c-e40e436e2e1e" otu="uuid-94b7b113-b155-4273-acb9-06daf6732807">
        <cell char="uuid-b77e1448-f711-4db0-a8ee-08c5314f59c6" state="2"/>
      </row>
      <row about="#uuid-155be81a-af5b-48ae-8a99-a6ce0323c809" label="12" id="uuid-155be81a-af5b-48ae-8a99-a6ce0323c809" otu="uuid-d4d75ca8-dbc9-4e17-8aef-36285adf2264">
        <cell char="uuid-b77e1448-f711-4db0-a8ee-08c5314f59c6" state="2"/>
      </row>
      <row about="#uuid-71815a35-4466-4038-b697-72e963b52110" label="13" id="uuid-71815a35-4466-4038-b697-72e963b52110" otu="uuid-7d76ea38-72e8-46ce-a0a5-8f5f169fb164">
        <cell char="uuid-b77e1448-f711-4db0-a8ee-08c5314f59c6" state="2"/>
      </row>
      <row about="#uuid-3dd8628a-ecf6-4649-b45e-1c4327f0031a" label="14" id="uuid-3dd8628a-ecf6-4649-b45e-1c4327f0031a" otu="uuid-dc1d4110-a9b6-47aa-baac-4c142c400069">
        <cell char="uuid-b77e1448-f711-4db0-a8ee-08c5314f59c6" state="2"/>
      </row>
      <row about="#uuid-c40673c3-2045-4efd-a93b-6b5b50eabc74" label="15" id="uuid-c40673c3-2045-4efd-a93b-6b5b50eabc74" otu="uuid-293fa623-d90a-4fce-a163-0ac20fb7ad5b">
        <cell char="uuid-b77e1448-f711-4db0-a8ee-08c5314f59c6" state="2"/>
      </row>
      <row about="#uuid-4b994418-3260-478d-b7e8-9feca735dc10" label="16" id="uuid-4b994418-3260-478d-b7e8-9feca735dc10" otu="uuid-057aea23-8b05-42e1-b317-c132bb8a206e">
        <cell char="uuid-b77e1448-f711-4db0-a8ee-08c5314f59c6" state="1"/>
      </row>
      <row about="#uuid-0a478aff-2ebf-4d6a-98b4-84f5ec942b41" label="17" id="uuid-0a478aff-2ebf-4d6a-98b4-84f5ec942b41" otu="uuid-538d9a40-887b-4d95-8869-b11e228377d9">
        <cell char="uuid-b77e1448-f711-4db0-a8ee-08c5314f59c6" state="1"/>
      </row>
      <row about="#uuid-5299d01a-a963-4e93-829e-8a5b995224e5" label="18" id="uuid-5299d01a-a963-4e93-829e-8a5b995224e5" otu="uuid-91478297-5181-4d88-bdbb-68f52af3b66a">
        <cell char="uuid-b77e1448-f711-4db0-a8ee-08c5314f59c6" state="1"/>
      </row>
    </matrix>
  </characters>
</nex:nexml>
